name,miles_per_gallon,cylinders,displacement,hp,weight_lbs,acceleration,year,weight_kg,vehicle_age,origin_encoded,origin_europe,origin_japan,origin_usa
chevrolet chevelle malibu,-0.706438700650983,1.5158966476239606,1.0965158053889874,0.6941543430119048,0.6410010966269917,-1.301635845156738,70,0.6410010966269918,1.6274262921582943,2,False,False,True
buick skylark 320,-1.0907506236404463,1.5158966476239606,1.5100546286957766,1.627150290344579,0.8654277094746253,-1.484357016986726,70,0.8654277094746259,1.6274262921582943,2,False,False,True
plymouth satellite,-0.706438700650983,1.5158966476239606,1.2023048067000266,1.2272948843448614,0.5602550136976843,-1.6670781888167139,70,0.5602550136976848,1.6274262921582943,2,False,False,True
amc rebel sst,-0.9626466493106252,1.5158966476239606,1.067664259576886,1.2272948843448614,0.5566926865096266,-1.301635845156738,70,0.5566926865096266,1.6274262921582943,2,False,False,True
ford torino,-0.834542674980804,-0.8477737373097765,1.0484298957021514,0.9607246136783831,0.5756917648459342,-1.8497993606467016,70,0.5756917648459342,1.6274262921582943,2,False,False,True
ford galaxie 500,-1.0907506236404463,1.5158966476239606,2.2698120017477845,2.506832183543957,1.634890382095084,-2.0325205324766893,70,1.6348903820950842,1.6274262921582943,2,False,False,True
chevrolet impala,-1.2188545979702672,1.5158966476239606,2.510241550181964,3.0932867790102097,-0.19792695616059172,-2.397962876136665,70,-0.19792695616059133,1.6274262921582943,2,False,False,True
plymouth fury iii,-1.2188545979702672,1.5158966476239606,2.3756010030588235,2.9600016436769705,1.6004545526105265,-2.580684047966653,70,1.6004545526105267,1.6274262921582943,2,False,False,True
pontiac catalina,-1.2188545979702672,1.5158966476239606,2.5198587321193315,-0.30548417198738886,1.734635543360699,-2.0325205324766893,70,1.7346355433606995,1.6274262921582943,2,False,False,True
amc ambassador dpl,-1.0907506236404463,1.5158966476239606,1.8947419061904642,2.2935759670107747,1.051856165649644,-2.580684047966653,70,1.051856165649644,1.6274262921582943,2,False,False,True
dodge challenger se,-1.0907506236404463,1.5158966476239606,1.827421632628894,1.760435425677818,0.7110601979921259,-2.0325205324766893,70,0.7110601979921265,1.6274262921582943,2,False,False,True
plymouth 'cuda 340,-1.2188545979702672,1.5158966476239606,1.4138828093221047,1.4938651550113398,0.7656825482090104,-2.763405219796641,70,0.7656825482090106,1.6274262921582943,2,False,False,True
chevrolet monte carlo,-1.0907506236404463,-0.8477737373097765,1.990913725564136,1.2272948843448614,0.9461737924039327,-2.215241704306677,70,0.9461737924039328,1.6274262921582943,2,False,False,True
buick estate wagon (sw),-1.2188545979702672,1.5158966476239606,2.5198587321193315,3.226571914343449,0.14465017509095504,-2.0325205324766893,70,0.14465017509095557,1.6274262921582943,2,False,False,True
toyota corona mark ii,0.06218514532794337,-0.8477737373097765,-0.7692174904602475,-0.23884160432076926,-0.7031836956667725,-0.2053088141768111,70,-0.7031836956667723,1.6274262921582943,1,False,True,False
plymouth duster,-0.19402280333169875,0.33406145515709207,0.04824297421596373,-0.23884160432076926,-0.1557727511019092,-0.022587642346823256,70,-0.155772751101909,1.6274262921582943,2,False,False,True
amc hornet,-0.706438700650983,0.33406145515709207,0.05786015615333091,-0.1855275501874736,-0.22583185246704354,-0.022587642346823256,70,-0.22583185246704307,1.6274262921582943,2,False,False,True
ford maverick,-0.3221267776615198,0.33406145515709207,0.0674773380906981,-0.5054118749872476,-0.4478835805226388,0.1601335294831646,70,-0.44788358052263827,1.6274262921582943,2,False,False,True
datsun pl510,0.44649706831740654,-0.8477737373097765,-0.9230924014581224,-0.4254407937873041,-0.9905447555034252,-0.38802998600679894,70,-0.990544755503425,1.6274262921582943,1,False,True,False
volkswagen 1131 deluxe sedan,0.3183930939875855,-0.8477737373097765,-0.9230924014581224,-0.30548417198738886,-1.340840262329097,1.8046240759530552,70,-1.3408402623290967,1.6274262921582943,0,True,False,False
peugeot 504,0.19028911965776443,-0.8477737373097765,-0.798069036272349,-0.4520978208539519,-0.3469509768610046,0.7082970449731281,70,-0.3469509768610042,1.6274262921582943,0,True,False,False
audi 100 ls,0.06218514532794337,-0.8477737373097765,-0.8269205820844505,-0.37212673965400844,-0.6343120366976573,-0.38802998600679894,70,-0.634312036697657,1.6274262921582943,0,True,False,False
saab 99e,0.19028911965776443,-0.8477737373097765,-0.8557721278965521,-0.23884160432076926,-0.6996213684787148,0.7082970449731281,70,-0.6996213684787146,1.6274262921582943,0,True,False,False
bmw 2002,0.3183930939875855,-0.8477737373097765,-0.6922800349613099,0.24098488287889167,-0.8670507463174257,-0.022587642346823256,70,-0.8670507463174254,1.6274262921582943,0,True,False,False
amc gremlin,-0.3221267776615198,0.33406145515709207,0.05786015615333091,-0.37212673965400844,-0.37544959436546604,-0.2053088141768111,70,-0.37544959436546593,1.6274262921582943,2,False,False,True
ford f250,-1.7312704952895515,1.5158966476239606,1.6062264480694486,2.9600016436769705,1.960249598604352,-0.5707511578367868,70,1.9602495986043524,1.6274262921582943,2,False,False,True
chevy c20,-1.7312704952895515,1.5158966476239606,1.0965158053889874,2.560146237677253,1.6764508659557569,-0.2053088141768111,70,1.6764508659557573,1.6274262921582943,2,False,False,True
dodge d200,-1.6031665209597303,1.5158966476239606,1.2023048067000266,2.8267165083437313,1.6835755203318723,-0.7534723296667746,70,1.6835755203318725,1.6274262921582943,2,False,False,True
hi 1200d,-1.8593744696193726,1.5158966476239606,1.067664259576886,2.373547048210718,2.0991803589386016,1.0737393886331037,70,2.0991803589386016,1.6274262921582943,2,False,False,True
datsun pl510,0.44649706831740654,-0.8477737373097765,-0.9230924014581224,-0.4254407937873041,-0.9905447555034252,-0.38802998600679894,71,-0.990544755503425,1.3566421515734235,1,False,True,False
chevrolet vega 2300,0.5746010426472277,-0.8477737373097765,-0.5095535781513333,-0.37212673965400844,-0.831427474436849,-0.022587642346823256,71,-0.8314274744368487,1.3566421515734235,2,False,False,True
toyota corona,0.19028911965776443,-0.8477737373097765,-0.7692174904602475,-0.23884160432076926,-0.874175400693541,-0.5707511578367868,71,-0.8741754006935407,1.3566421515734235,1,False,True,False
ford pinto,0.19028911965776443,-0.8477737373097765,-0.9134752195207553,-0.30548417198738886,-1.0902899167690403,1.2564605604630916,71,-1.09028991676904,1.3566421515734235,2,False,False,True
amc gremlin,-0.5783347263211619,0.33406145515709207,0.3752271600864482,-0.10555646898753011,-0.3920737879097352,-0.9361935014967624,71,-0.39207378790973474,1.3566421515734235,2,False,False,True
plymouth satellite custom,-0.9626466493106252,0.33406145515709207,0.30790688652487785,0.02772866634570903,0.5638173408857419,-0.022587642346823256,71,0.5638173408857424,1.3566421515734235,2,False,False,True
chevrolet chevelle malibu,-0.834542674980804,0.33406145515709207,0.5483364349590576,-0.10555646898753011,0.43319867732362705,-0.022587642346823256,71,0.4331986773236272,1.3566421515734235,2,False,False,True
ford torino 500,-0.5783347263211619,0.33406145515709207,0.5483364349590576,-0.4254407937873041,0.4011377326311079,-0.022587642346823256,71,0.4011377326311084,1.3566421515734235,2,False,False,True
amc matador,-0.706438700650983,0.33406145515709207,0.3752271600864482,-0.10555646898753011,0.3845135390868388,-0.022587642346823256,71,0.384513539086839,1.3566421515734235,2,False,False,True
chevrolet impala,-1.2188545979702672,1.5158966476239606,1.5100546286957766,1.627150290344579,1.4781479858205462,-1.301635845156738,71,1.4781479858205462,1.3566421515734235,2,False,False,True
pontiac catalina brougham,-1.2188545979702672,1.5158966476239606,1.990913725564136,1.8937205610110572,1.7809457968054487,-1.484357016986726,71,1.780945796805449,1.3566421515734235,2,False,False,True
ford galaxie 500,-1.2188545979702672,1.5158966476239606,1.5196718106331437,1.307265965544805,1.4128386540394886,-0.7534723296667746,71,1.412838654039489,1.3566421515734235,2,False,False,True
plymouth fury iii,-1.2188545979702672,1.5158966476239606,1.2023048067000266,1.2272948843448614,1.3439669950703736,-0.9361935014967624,71,1.3439669950703739,1.3566421515734235,2,False,False,True
dodge monaco (sw),-1.4750625466299094,1.5158966476239606,1.827421632628894,2.0270056963442964,2.363980013250889,-1.484357016986726,71,2.3639800132508886,1.3566421515734235,2,False,False,True
ford country squire (sw),-1.3469585723000883,1.5158966476239606,1.990913725564136,1.760435425677818,2.115804552482871,-1.301635845156738,71,2.1158045524828712,1.3566421515734235,2,False,False,True
pontiac safari (sw),-1.3469585723000883,1.5158966476239606,1.990913725564136,1.8937205610110572,2.5836568565144455,-1.301635845156738,71,2.5836568565144464,1.3566421515734235,2,False,False,True
amc hornet sportabout (sw),-0.706438700650983,0.33406145515709207,0.6252738904579951,0.1610138016789482,-0.0025926820154290003,-0.7534723296667746,71,-0.002592682015428468,1.3566421515734235,2,False,False,True
chevrolet vega (sw),-0.19402280333169875,-0.8477737373097765,-0.5095535781513333,-0.8519532268536694,-0.6604357694100803,1.2564605604630916,71,-0.66043576941008,1.3566421515734235,2,False,False,True
pontiac firebird,-0.5783347263211619,0.33406145515709207,0.5483364349590576,-0.10555646898753011,0.3773888847107234,-0.2053088141768111,71,0.3773888847107237,1.3566421515734235,2,False,False,True
ford mustang,-0.706438700650983,0.33406145515709207,0.5483364349590576,-0.4254407937873041,0.20758462207997405,-0.38802998600679894,71,0.20758462207997438,1.3566421515734235,2,False,False,True
mercury capri 2000,-0.06591882900187769,-0.8477737373097765,-0.6826628530239427,-0.47875484792059975,-0.8836749398616949,-0.5707511578367868,71,-0.8836749398616945,1.3566421515734235,2,False,False,True
opel 1900,0.5746010426472277,-0.8477737373097765,-0.7403659446481459,-0.37212673965400844,-0.9988568522755599,-0.5707511578367868,71,-0.9988568522755594,1.3566421515734235,0,True,False,False
peugeot 304,0.8308089913068697,-0.8477737373097765,-1.0962016763307318,-0.9052672809869651,-1.0570415296805018,1.4391817322930793,71,-1.0570415296805016,1.3566421515734235,0,True,False,False
fiat 124b,0.8308089913068697,-0.8477737373097765,-1.0096470388944272,-0.7453251185870781,-1.067728511244675,-0.38802998600679894,71,-1.0677285112446748,1.3566421515734235,0,True,False,False
toyota corolla 1200,0.9589129656366908,-0.8477737373097765,-1.1731391318296693,-1.0385524163202042,-1.414461690882289,1.2564605604630916,71,-1.4144616908822887,1.3566421515734235,1,False,True,False
datsun 1200,1.471328862955975,-0.8477737373097765,-1.1635219498923022,-0.9319243080536128,-1.6044524742453652,0.8910182168031159,71,-1.6044524742453647,1.3566421515734235,1,False,True,False
volkswagen model 111,0.44649706831740654,-0.8477737373097765,-0.9230924014581224,-1.1718375516534434,-1.3420277047251161,1.2564605604630916,71,-1.342027704725116,1.3566421515734235,0,True,False,False
plymouth cricket,0.3183930939875855,-0.8477737373097765,-0.9807954930823256,-0.9052672809869651,-1.1983471748067898,1.8046240759530552,71,-1.1983471748067898,1.3566421515734235,2,False,False,True
toyota corona hardtop,0.06218514532794337,-0.8477737373097765,-0.7692174904602475,-0.23884160432076926,-0.8148032808925797,-0.022587642346823256,72,-0.8148032808925793,1.0858580109885525,1,False,True,False
dodge colt hardtop,0.19028911965776443,-0.8477737373097765,-0.9182838104894389,-0.6386970103204868,-0.9952945250875022,0.5255758731431402,72,-0.9952945250875018,1.0858580109885525,2,False,False,True
volkswagen type 3,-0.06591882900187769,-0.8477737373097765,-0.9230924014581224,-1.3317797140533303,-0.8433018983970412,2.900951106932982,72,-0.8433018983970411,1.0858580109885525,0,True,False,False
chevrolet vega,-0.4502307519913409,-0.8477737373097765,-0.5095535781513333,-0.37212673965400844,-0.6604357694100803,1.4391817322930793,72,-0.66043576941008,1.0858580109885525,2,False,False,True
ford pinto runabout,-0.3221267776615198,-0.8477737373097765,-0.6826628530239427,-0.47875484792059975,-0.8765502854855796,0.34285470131315243,72,-0.8765502854855792,1.0858580109885525,2,False,False,True
chevrolet impala,-1.3469585723000883,1.5158966476239606,1.5100546286957766,1.627150290344579,1.5553317415617958,-1.301635845156738,72,1.5553317415617962,1.0858580109885525,2,False,False,True
pontiac catalina,-1.2188545979702672,1.5158966476239606,1.990913725564136,1.8937205610110572,1.68713784751993,-1.301635845156738,72,1.6871378475199301,1.0858580109885525,2,False,False,True
plymouth fury iii,-1.0907506236404463,1.5158966476239606,1.2023048067000266,1.2272948843448614,1.3902772485151234,-0.7534723296667746,72,1.3902772485151238,1.0858580109885525,2,False,False,True
ford galaxie 500,-1.2188545979702672,1.5158966476239606,1.5196718106331437,1.307265965544805,1.383152594139008,-0.9361935014967624,72,1.3831525941390086,1.0858580109885525,2,False,False,True
amc ambassador sst,-0.834542674980804,1.5158966476239606,1.067664259576886,1.2272948843448614,0.8404914191582217,-1.484357016986726,72,0.8404914191582217,1.0858580109885525,2,False,False,True
mercury marquis,-1.6031665209597303,1.5158966476239606,2.2698120017477845,2.7734024542104354,1.981623561732698,-1.6670781888167139,72,1.9816235617326983,1.0858580109885525,2,False,False,True
buick lesabre custom,-1.3469585723000883,1.5158966476239606,1.5100546286957766,1.3605800196781006,1.8260686078541795,-0.7534723296667746,72,1.8260686078541795,1.0858580109885525,2,False,False,True
oldsmobile delta 88 royale,-1.4750625466299094,1.5158966476239606,1.5100546286957766,1.4938651550113398,1.771446257637295,-0.7534723296667746,72,1.7714462576372954,1.0858580109885525,2,False,False,True
chrysler newport royal,-1.3469585723000883,1.5158966476239606,1.990913725564136,2.2935759670107747,1.7310732161726412,-1.1189146733267503,72,1.7310732161726412,1.0858580109885525,2,False,False,True
mazda rx2 coupe,-0.5783347263211619,-1.4386913335432108,-1.1827563137670365,-0.1855275501874736,-0.7530562762995799,-0.7534723296667746,72,-0.7530562762995799,1.0858580109885525,1,False,True,False
amc matador (sw),-1.0907506236404463,1.5158966476239606,1.067664259576886,1.2272948843448614,1.1017287462824514,-1.1189146733267503,72,1.1017287462824517,1.0858580109885525,2,False,False,True
chevrolet chevelle concours (sw),-1.3469585723000883,1.5158966476239606,1.0965158053889874,0.6941543430119048,1.346341879862412,-0.5707511578367868,72,1.346341879862412,1.0858580109885525,2,False,False,True
ford gran torino (sw),-1.3469585723000883,1.5158966476239606,1.0484298957021514,0.9607246136783831,1.5790805894821804,0.1601335294831646,72,1.5790805894821809,1.0858580109885525,2,False,False,True
plymouth satellite custom (sw),-1.2188545979702672,1.5158966476239606,1.2023048067000266,1.2272948843448614,1.3214055895460082,-0.5707511578367868,72,1.3214055895460086,1.0858580109885525,2,False,False,True
volvo 145e (sw),-0.706438700650983,-0.8477737373097765,-0.6922800349613099,0.21432785581224384,-0.03702851149998656,-0.38802998600679894,72,-0.0370285114999861,1.0858580109885525,0,True,False,False
volkswagen 411 (sw),-0.19402280333169875,-0.8477737373097765,-0.6922800349613099,-0.7453251185870781,-0.5381292026201,0.8910182168031159,72,-0.5381292026201,1.0858580109885525,0,True,False,False
peugeot 504 (sw),-0.3221267776615198,-0.8477737373097765,-0.7018972168986771,-0.4520978208539519,0.017593838716897847,1.4391817322930793,72,0.01759383871689799,1.0858580109885525,0,True,False,False
renault 12 (sw),0.3183930939875855,-0.8477737373097765,-0.9327095833954896,-0.9319243080536128,-0.9204856541382909,0.8910182168031159,72,-0.9204856541382906,1.0858580109885525,0,True,False,False
ford pinto (sw),-0.19402280333169875,-0.8477737373097765,-0.6826628530239427,-0.47875484792059975,-0.6758725205583302,0.1601335294831646,72,-0.6758725205583299,1.0858580109885525,2,False,False,True
datsun 510 (sw),0.5746010426472277,-0.8477737373097765,-0.9230924014581224,-0.31881268552071274,-0.8029288569323875,0.5255758731431402,72,-0.8029288569323869,1.0858580109885525,1,False,True,False
toyouta corona mark ii (sw),-0.06591882900187769,-0.8477737373097765,-0.7018972168986771,-0.1855275501874736,-0.5440664146001961,-0.38802998600679894,72,-0.5440664146001959,1.0858580109885525,1,False,True,False
dodge colt (sw),0.5746010426472277,-0.8477737373097765,-0.9134752195207553,-0.6386970103204868,-0.9501717140387715,-0.2053088141768111,72,-0.9501717140387713,1.0858580109885525,2,False,False,True
toyota corolla 1600 (sw),0.44649706831740654,-0.8477737373097765,-0.9230924014581224,-0.4254407937873041,-1.026168027384002,0.34285470131315243,72,-1.026168027384002,1.0858580109885525,1,False,True,False
buick century 350,-1.3469585723000883,1.5158966476239606,1.5100546286957766,1.8937205610110572,1.3487167646544505,-0.9361935014967624,73,1.348716764654451,0.8150738704036817,2,False,False,True
amc matador,-1.2188545979702672,1.5158966476239606,1.067664259576886,1.2272948843448614,0.8404914191582217,-1.484357016986726,73,0.8404914191582217,0.8150738704036817,2,False,False,True
chevrolet malibu,-1.3469585723000883,1.5158966476239606,1.5100546286957766,1.0940097490116223,1.2157232163002971,-0.9361935014967624,73,1.2157232163002973,0.8150738704036817,2,False,False,True
ford gran torino,-1.2188545979702672,1.5158966476239606,1.0484298957021514,0.8807535324784396,1.2798451056853353,-0.38802998600679894,73,1.2798451056853357,0.8150738704036817,2,False,False,True
dodge coronet custom,-1.0907506236404463,1.5158966476239606,1.2023048067000266,1.2272948843448614,0.9651728707402404,-1.1189146733267503,73,0.9651728707402405,0.8150738704036817,2,False,False,True
mercury marquis brougham,-1.4750625466299094,1.5158966476239606,2.2698120017477845,2.506832183543957,2.3604176860628314,-1.484357016986726,73,2.360417686062831,0.8150738704036817,2,False,False,True
chevrolet caprice classic,-1.3469585723000883,1.5158966476239606,1.990913725564136,1.2272948843448614,1.7809457968054487,-1.301635845156738,73,1.780945796805449,0.8150738704036817,2,False,False,True
ford ltd,-1.3469585723000883,1.5158966476239606,1.5196718106331437,1.440551100878044,1.661014114807507,-0.9361935014967624,73,1.6610141148075073,0.8150738704036817,2,False,False,True
plymouth fury gran sedan,-1.2188545979702672,1.5158966476239606,1.2023048067000266,1.2272948843448614,1.5113963729090845,-0.38802998600679894,73,1.511396372909085,0.8150738704036817,2,False,False,True
chrysler new yorker brougham,-1.3469585723000883,1.5158966476239606,2.3756010030588235,2.9600016436769705,2.102742686126659,-1.6670781888167139,73,2.1027426861266596,0.8150738704036817,2,False,False,True
buick electra 225 custom,-1.4750625466299094,1.5158966476239606,2.5198587321193315,3.226571914343449,2.3592302436668118,-1.6670781888167139,73,2.359230243666812,0.8150738704036817,2,False,False,True
amc ambassador brougham,-1.3469585723000883,1.5158966476239606,1.6062264480694486,1.8937205610110572,1.0174203361650864,-1.6670781888167139,73,1.0174203361650864,0.8150738704036817,2,False,False,True
plymouth valiant,-0.706438700650983,0.33406145515709207,0.30790688652487785,0.02772866634570903,0.18621065895162797,0.34285470131315243,73,0.1862106589516285,0.8150738704036817,2,False,False,True
chevrolet nova custom,-0.9626466493106252,0.33406145515709207,0.5483364349590576,-0.10555646898753011,0.3726391151266465,0.8910182168031159,73,0.37263911512664666,0.8150738704036817,2,False,False,True
amc hornet,-0.706438700650983,0.33406145515709207,0.3752271600864482,-0.10555646898753011,-0.022779202747755845,0.1601335294831646,73,-0.02277920274775552,0.8150738704036817,2,False,False,True
ford maverick,-0.706438700650983,0.33406145515709207,0.5483364349590576,-0.4254407937873041,0.06746641934970535,0.34285470131315243,73,0.06746641934970561,0.8150738704036817,2,False,False,True
plymouth duster,-0.06591882900187769,0.33406145515709207,0.04824297421596373,-0.23884160432076926,-0.07146434098454413,0.1601335294831646,73,-0.07146434098454373,0.8150738704036817,2,False,False,True
volkswagen super beetle,0.3183930939875855,-0.8477737373097765,-0.9230924014581224,-1.545035930586513,-1.204284386786886,1.987345247783043,73,-1.2042843867868855,0.8150738704036817,0,True,False,False
chevrolet impala,-1.6031665209597303,1.5158966476239606,1.990913725564136,1.2272948843448614,2.4138525938836963,-0.5707511578367868,73,2.4138525938836968,0.8150738704036817,2,False,False,True
ford country,-1.4750625466299094,1.5158966476239606,1.990913725564136,1.6804643444778744,2.305795335845947,-1.1189146733267503,73,2.3057953358459473,0.8150738704036817,2,False,False,True
plymouth custom suburb,-1.3469585723000883,1.5158966476239606,1.6062264480694486,1.760435425677818,2.0065598520491017,-0.9361935014967624,73,2.0065598520491017,0.8150738704036817,2,False,False,True
oldsmobile vista cruiser,-1.4750625466299094,1.5158966476239606,1.5100546286957766,2.0270056963442964,1.8225062806661216,-1.1189146733267503,73,1.8225062806661219,0.8150738704036817,2,False,False,True
amc gremlin,-0.706438700650983,0.33406145515709207,0.3752271600864482,-0.10555646898753011,-0.20802021652675515,-0.2053088141768111,73,-0.20802021652675484,0.8150738704036817,2,False,False,True
toyota carina,-0.4502307519913409,-0.8477737373097765,-0.9230924014581224,-0.4254407937873041,-0.8136158384965605,1.2564605604630916,73,-0.8136158384965605,0.8150738704036817,1,False,True,False
chevrolet vega,-0.3221267776615198,-0.8477737373097765,-0.5095535781513333,-0.8519532268536694,-0.6687478661822149,1.4391817322930793,73,-0.6687478661822146,0.8150738704036817,2,False,False,True
datsun 610,-0.19402280333169875,-0.8477737373097765,-0.8173034001470834,-0.2654986313874171,-0.6948715988946379,0.34285470131315243,73,-0.6948715988946376,0.8150738704036817,1,False,True,False
maxda rx3,-0.706438700650983,-1.4386913335432108,-1.1827563137670365,-0.37212673965400844,-0.9976694098795406,-0.7534723296667746,73,-0.9976694098795403,0.8150738704036817,1,False,True,False
ford pinto,-0.5783347263211619,-0.8477737373097765,-0.6826628530239427,-0.5054118749872476,-0.7768051242199645,1.0737393886331037,73,-0.776805124219964,0.8150738704036817,2,False,False,True
mercury capri v6,-0.3221267776615198,0.33406145515709207,-0.36529584909082546,0.0810427204790047,-0.5844394560648498,-0.5707511578367868,73,-0.5844394560648494,0.8150738704036817,2,False,False,True
fiat 124 sport coupe,0.3183930939875855,-0.8477737373097765,-0.9134752195207553,-0.37212673965400844,-0.8302400320408297,-0.022587642346823256,73,-0.8302400320408293,0.8150738704036817,0,True,False,False
chevrolet monte carlo s,-1.0907506236404463,1.5158966476239606,1.5100546286957766,1.0940097490116223,1.3273428015261044,-0.9361935014967624,73,1.3273428015261044,0.8150738704036817,2,False,False,True
pontiac grand prix,-0.9626466493106252,1.5158966476239606,1.990913725564136,3.359857049676688,1.5600815111458728,-2.215241704306677,73,1.5600815111458732,0.8150738704036817,2,False,False,True
fiat 128,0.7027050169770487,-0.8477737373097765,-1.201990677641771,-1.4650648493865694,-1.3028421056564818,1.4391817322930793,73,-1.3028421056564814,0.8150738704036817,0,True,False,False
opel manta,0.06218514532794337,-0.8477737373097765,-0.7403659446481459,-0.7719821456537259,-0.9572963684148869,-0.022587642346823256,73,-0.9572963684148865,0.8150738704036817,0,True,False,False
audi 100ls,-0.4502307519913409,-0.8477737373097765,-0.7596003085228802,-0.3454697125873606,-0.453820792502735,-0.5707511578367868,73,-0.4538207925027347,0.8150738704036817,0,True,False,False
volvo 144ea,-0.5783347263211619,-0.8477737373097765,-0.6922800349613099,0.21432785581224384,-0.11421226724123627,-0.022587642346823256,73,-0.11421226724123607,0.8150738704036817,0,True,False,False
dodge dart custom,-1.0907506236404463,1.5158966476239606,1.2023048067000266,1.2272948843448614,0.5163196450449729,-1.6670781888167139,73,0.5163196450449731,0.8150738704036817,2,False,False,True
saab 99le,0.06218514532794337,-0.8477737373097765,-0.6922800349613099,0.1610138016789482,-0.3612002856132353,-0.5707511578367868,73,-0.36120028561323475,0.8150738704036817,0,True,False,False
toyota mark ii,-0.4502307519913409,0.33406145515709207,-0.35567866715345825,0.48089812647872215,-0.18664625339840907,-0.7534723296667746,73,-0.18664625339840898,0.8150738704036817,1,False,True,False
oldsmobile omega,-1.6031665209597303,1.5158966476239606,1.5100546286957766,2.0270056963442964,0.8309918799900678,-1.6670781888167139,73,0.8309918799900682,0.8150738704036817,2,False,False,True
plymouth duster,-0.4502307519913409,0.33406145515709207,0.04824297421596373,-0.23884160432076926,0.16364925342726266,0.34285470131315243,74,0.16364925342726322,0.5442897298188109,2,False,False,True
ford maverick,-0.3221267776615198,0.33406145515709207,0.0674773380906981,-0.30548417198738886,-0.10590017046910169,0.5255758731431402,74,-0.10590017046910137,0.5442897298188109,2,False,False,True
amc hornet,-0.5783347263211619,0.33406145515709207,0.3752271600864482,-0.30548417198738886,-0.0750266681726018,0.1601335294831646,74,-0.07502666817260138,0.5442897298188109,2,False,False,True
chevrolet nova,-1.0907506236404463,0.33406145515709207,0.5483364349590576,-0.10555646898753011,0.4415107740957616,0.5255758731431402,74,0.4415107740957619,0.5442897298188109,2,False,False,True
datsun b210,0.9589129656366908,-0.8477737373097765,-1.0962016763307318,-0.9852383621869085,-1.204284386786886,1.2564605604630916,74,-1.2042843867868855,0.5442897298188109,1,False,True,False
ford pinto,0.3183930939875855,-0.8477737373097765,-0.6826628530239427,-0.6386970103204868,-0.6093757463812536,0.34285470131315243,74,-0.6093757463812535,0.5442897298188109,2,False,False,True
toyota corolla 1200,1.087016939966512,-0.8477737373097765,-1.1731391318296693,-0.30548417198738886,-1.3396528199330777,-0.022587642346823256,74,-1.3396528199330775,0.5442897298188109,1,False,True,False
chevrolet vega,0.19028911965776443,-0.8477737373097765,-0.5095535781513333,-0.7719821456537259,-0.501318488343504,0.5255758731431402,74,-0.5013184883435036,0.5442897298188109,2,False,False,True
chevrolet chevelle malibu classic,-0.9626466493106252,0.33406145515709207,0.5483364349590576,-0.10555646898753011,0.9699226403243173,0.5255758731431402,74,0.9699226403243175,0.5442897298188109,2,False,False,True
amc matador,-0.9626466493106252,0.33406145515709207,0.6252738904579951,0.1610138016789482,0.7929937233174525,0.8910182168031159,74,0.7929937233174529,0.5442897298188109,2,False,False,True
plymouth satellite sebring,-0.706438700650983,0.33406145515709207,0.30790688652487785,0.02772866634570903,0.7704323177930873,0.34285470131315243,74,0.7704323177930876,0.5442897298188109,2,False,False,True
ford gran torino,-0.9626466493106252,1.5158966476239606,1.0484298957021514,-0.30548417198738886,1.3974019028912388,-0.5707511578367868,74,1.3974019028912392,0.5442897298188109,2,False,False,True
buick century luxus (sw),-1.3469585723000883,1.5158966476239606,1.5100546286957766,1.2272948843448614,2.059994759869967,-0.38802998600679894,74,2.0599947598699675,0.5442897298188109,2,False,False,True
dodge coronet custom (sw),-1.2188545979702672,1.5158966476239606,1.2023048067000266,1.2272948843448614,1.7726337000333143,-0.7534723296667746,74,1.7726337000333143,0.5442897298188109,2,False,False,True
ford gran torino (sw),-1.2188545979702672,1.5158966476239606,1.0484298957021514,0.9607246136783831,1.9875607737127943,0.1601335294831646,74,1.9875607737127947,0.5442897298188109,2,False,False,True
amc matador (sw),-1.2188545979702672,1.5158966476239606,1.067664259576886,1.2272948843448614,1.535145220829469,-0.022587642346823256,74,1.5351452208294691,0.5442897298188109,2,False,False,True
audi fox,0.7027050169770487,-0.8477737373097765,-0.9134752195207553,-0.5587259291205432,-0.8848623822577141,0.34285470131315243,74,-0.884862382257714,0.5442897298188109,0,True,False,False
volkswagen dasher,0.3183930939875855,-0.8477737373097765,-1.0962016763307318,-0.9852383621869085,-1.188847635638636,-0.022587642346823256,74,-1.188847635638636,0.5442897298188109,0,True,False,False
opel manta,0.3183930939875855,-0.8477737373097765,-0.9230924014581224,-0.6920110644537824,-0.7886795481801567,-0.38802998600679894,74,-0.7886795481801563,0.5442897298188109,0,True,False,False
toyota corona,0.9589129656366908,-0.8477737373097765,-1.1250532221428335,-1.385093768186626,-1.561704547988673,0.34285470131315243,74,-1.5617045479886726,0.5442897298188109,1,False,True,False
datsun 710,1.087016939966512,-0.8477737373097765,-1.0577329485812632,-1.1451805245867954,-1.141349939797867,1.2564605604630916,74,-1.1413499397978668,0.5442897298188109,1,False,True,False
dodge colt,0.5746010426472277,-0.8477737373097765,-0.9904126750196928,-0.7719821456537259,-0.9964819674835214,-0.38802998600679894,74,-0.9964819674835209,0.5442897298188109,2,False,False,True
fiat 128,0.06218514532794337,-0.8477737373097765,-0.9904126750196928,-0.7719821456537259,-1.0166684882158483,-0.022587642346823256,74,-1.016668488215848,0.5442897298188109,0,True,False,False
fiat 124 tc,0.3183930939875855,-0.8477737373097765,-0.7403659446481459,-0.7719821456537259,-0.852801437565195,-0.5707511578367868,74,-0.8528014375651949,0.5442897298188109,0,True,False,False
honda civic,0.06218514532794337,-0.8477737373097765,-0.7018972168986771,-0.1855275501874736,-0.564252935332523,-0.2053088141768111,74,-0.564252935332523,0.5442897298188109,1,False,True,False
subaru,0.3183930939875855,-0.8477737373097765,-0.8173034001470834,-0.29215565845406494,-0.6806222901424072,-0.022587642346823256,74,-0.6806222901424069,0.5442897298188109,1,False,True,False
fiat x1.9,0.9589129656366908,-0.8477737373097765,-1.0962016763307318,-0.9852383621869085,-1.1449122669859246,0.1601335294831646,74,-1.1449122669859244,0.5442897298188109,0,True,False,False
plymouth valiant custom,-0.5783347263211619,0.33406145515709207,0.30790688652487785,-0.23884160432076926,0.3560149215823773,0.1601335294831646,75,0.35601492158237785,0.27350558923393997,2,False,False,True
chevrolet nova,-0.706438700650983,0.33406145515709207,0.5483364349590576,0.02772866634570903,0.5875661888061264,0.1601335294831646,75,0.5875661888061265,0.27350558923393997,2,False,False,True
mercury monarch,-1.0907506236404463,0.33406145515709207,0.5483364349590576,-0.8519532268536694,0.5555052441136074,1.987345247783043,75,0.5555052441136077,0.27350558923393997,2,False,False,True
ford maverick,-1.0907506236404463,0.33406145515709207,0.5483364349590576,-0.8519532268536694,0.23014602760433933,1.4391817322930793,75,0.23014602760433966,0.27350558923393997,2,False,False,True
pontiac catalina,-0.9626466493106252,1.5158966476239606,1.990913725564136,1.760435425677818,2.023184045593371,-1.484357016986726,75,2.0231840455933714,0.27350558923393997,2,False,False,True
chevrolet bel air,-1.0907506236404463,1.5158966476239606,1.5100546286957766,1.0940097490116223,1.7524471793009875,-0.5707511578367868,75,1.7524471793009877,0.27350558923393997,2,False,False,True
plymouth grand fury,-0.9626466493106252,1.5158966476239606,1.2023048067000266,1.2272948843448614,1.8213188382701024,-0.38802998600679894,75,1.821318838270103,0.27350558923393997,2,False,False,True
ford ltd,-1.2188545979702672,1.5158966476239606,1.5196718106331437,1.1739808302115657,2.0101221792371593,-0.7534723296667746,75,2.0101221792371593,0.27350558923393997,2,False,False,True
buick century,-0.834542674980804,0.33406145515709207,0.36560997814908097,0.1610138016789482,1.1195403822227399,1.987345247783043,75,1.1195403822227399,0.27350558923393997,2,False,False,True
chevroelt chevelle malibu,-0.9626466493106252,0.33406145515709207,0.5483364349590576,0.02772866634570903,1.1076659582625474,1.0737393886331037,75,1.107665958262548,0.27350558923393997,2,False,False,True
amc matador,-1.0907506236404463,0.33406145515709207,0.6252738904579951,0.1610138016789482,0.9093630781273367,1.2564605604630916,75,0.909363078127337,0.27350558923393997,2,False,False,True
plymouth fury,-0.706438700650983,0.33406145515709207,0.30790688652487785,-0.23884160432076926,0.9746724099083942,1.2564605604630916,75,0.9746724099083947,0.27350558923393997,2,False,False,True
buick skyhawk,-0.3221267776615198,0.33406145515709207,0.36560997814908097,0.1610138016789482,0.08884038247805141,-0.2053088141768111,75,0.08884038247805148,0.27350558923393997,2,False,False,True
chevrolet monza 2+2,-0.4502307519913409,1.5158966476239606,0.6637426182074638,0.1610138016789482,0.30495489855355057,-0.7534723296667746,75,0.3049548985535508,0.27350558923393997,2,False,False,True
ford mustang ii,-1.3469585723000883,1.5158966476239606,1.0484298957021514,0.667497315945257,0.24320789396055084,-1.301635845156738,75,0.24320789396055081,0.27350558923393997,2,False,False,True
toyota corolla,0.7027050169770487,-0.8477737373097765,-0.9230924014581224,-0.7719821456537259,-0.9418596172666369,0.1601335294831646,75,-0.9418596172666366,0.27350558923393997,1,False,True,False
ford pinto,-0.06591882900187769,-0.8477737373097765,-0.5095535781513333,-0.5587259291205432,-0.38613657592963907,0.5255758731431402,75,-0.3861365759296389,0.27350558923393997,2,False,False,True
amc gremlin,-0.4502307519913409,0.33406145515709207,0.3752271600864482,-0.10555646898753011,-0.05958991702435186,0.1601335294831646,75,-0.05958991702435138,0.27350558923393997,2,False,False,True
pontiac astro,-0.06591882900187769,-0.8477737373097765,-0.5095535781513333,-0.6920110644537824,-0.4419463685425427,1.0737393886331037,75,-0.4419463685425424,0.27350558923393997,2,False,False,True
toyota corona,0.06218514532794337,-0.8477737373097765,-0.5672566697755365,-0.21218457725412143,-0.31132770498042783,-0.7534723296667746,75,-0.3113277049804277,0.27350558923393997,1,False,True,False
volkswagen dasher,0.19028911965776443,-0.8477737373097765,-0.9904126750196928,-0.8786102539203172,-0.8801126126736372,0.34285470131315243,75,-0.8801126126736369,0.27350558923393997,0,True,False,False
datsun 710,0.06218514532794337,-0.8477737373097765,-0.7115143988360443,-0.1855275501874736,-0.49775616115544635,0.5255758731431402,75,-0.4977561611554459,0.27350558923393997,1,False,True,False
ford pinto,-0.706438700650983,0.33406145515709207,-0.2114209380929504,-0.1855275501874736,0.023531050696993978,-0.38802998600679894,75,0.02353105069699446,0.27350558923393997,2,False,False,True
volkswagen rabbit,0.7027050169770487,-0.8477737373097765,-0.9904126750196928,-0.9052672809869651,-1.2197211379351358,-0.5707511578367868,75,-1.2197211379351356,0.27350558923393997,0,True,False,False
amc pacer,-0.5783347263211619,0.33406145515709207,0.3752271600864482,-0.37212673965400844,0.29308047459335834,0.5255758731431402,75,0.29308047459335845,0.27350558923393997,2,False,False,True
audi 100ls,-0.06591882900187769,-0.8477737373097765,-0.749983126585513,-0.23884160432076926,-0.32082724414858166,-0.2053088141768111,75,-0.32082724414858127,0.27350558923393997,0,True,False,False
peugeot 504,-0.06591882900187769,-0.8477737373097765,-0.7018972168986771,-0.4254407937873041,-0.008529893995525131,0.5255758731431402,75,-0.00852989399552494,0.27350558923393997,0,True,False,False
volvo 244dl,-0.19402280333169875,-0.8477737373097765,-0.6922800349613099,-0.15887052312082578,-0.022779202747755845,-0.38802998600679894,75,-0.02277920274775552,0.27350558923393997,0,True,False,False
saab 99le,0.19028911965776443,-0.8477737373097765,-0.6922800349613099,0.29429893701218734,-0.3481384192570238,-0.7534723296667746,75,-0.3481384192570236,0.27350558923393997,0,True,False,False
honda civic cvcc,1.2151209142963328,-0.8477737373097765,-0.9807954930823256,-1.358436741119978,-1.388337958169866,0.7082970449731281,75,-1.3883379581698658,0.27350558923393997,1,False,True,False
fiat 131,0.5746010426472277,-0.8477737373097765,-0.8269205820844505,-0.47875484792059975,-0.5939389952330036,-0.022587642346823256,76,-0.5939389952330035,0.0027214486490691188,0,True,False,False
opel 1900,0.19028911965776443,-0.8477737373097765,-0.7403659446481459,-0.6120399832538389,-0.8836749398616949,0.4890316387771422,76,-0.8836749398616945,0.0027214486490691188,0,True,False,False
capri ii,0.19028911965776443,-0.8477737373097765,-0.5095535781513333,-0.31881268552071274,-0.4656952164629272,-0.24185304854280854,76,-0.4656952164629271,0.0027214486490691188,2,False,False,True
dodge colt,0.3183930939875855,-0.8477737373097765,-0.9134752195207553,-0.6653540373871345,-0.842114456001022,0.781385513705123,76,-0.8421144560010216,0.0027214486490691188,2,False,False,True
renault 12tl,0.44649706831740654,-0.8477737373097765,-0.8846236737086537,-0.5587259291205432,-0.9050489029900409,-0.09567611107881813,76,-0.9050489029900407,0.0027214486490691188,0,True,False,False
chevrolet chevelle malibu classic,-0.7704906878158936,1.5158966476239606,1.077281441514253,0.9607246136783831,1.4852726401966614,-0.9361935014967624,76,1.485272640196662,0.0027214486490691188,2,False,False,True
dodge coronet brougham,-0.9626466493106252,1.5158966476239606,1.2023048067000266,1.2272948843448614,1.455586580296181,-0.9361935014967624,76,1.455586580296181,0.0027214486490691188,2,False,False,True
amc matador,-1.0266986364755357,1.5158966476239606,1.067664259576886,0.4275840723454265,1.1848497140037972,-0.6072953922027842,76,1.1848497140037975,0.0027214486490691188,2,False,False,True
ford gran torino,-1.1548026108053566,1.5158966476239606,1.5196718106331437,1.2806089384781572,1.4852726401966614,-1.0092819702287572,76,1.485272640196662,0.0027214486490691188,2,False,False,True
plymouth valiant,-0.19402280333169875,0.33406145515709207,0.30790688652487785,-0.10555646898753011,0.3192042073057813,-0.05913187671282069,76,0.31920420730578136,0.0027214486490691188,2,False,False,True
chevrolet nova,-0.19402280333169875,0.33406145515709207,0.5483364349590576,0.02772866634570903,0.46169729482808847,-0.38802998600679894,76,0.46169729482808897,0.0027214486490691188,2,False,False,True
ford maverick,0.06218514532794337,0.33406145515709207,0.0674773380906981,-0.6120399832538389,0.056779437785532315,0.7448412793391261,76,0.056779437785532676,0.0027214486490691188,2,False,False,True
amc hornet,-0.1299708161667882,0.33406145515709207,0.3752271600864482,-0.37212673965400844,0.14346273269493584,0.7448412793391261,76,0.14346273269493617,0.0027214486490691188,2,False,False,True
chevrolet chevette,0.7027050169770487,-0.8477737373097765,-1.0384985847065287,-1.385093768186626,-1.1033517831252517,2.4258760601750136,76,-1.1033517831252515,0.0027214486490691188,2,False,False,True
chevrolet woody,0.1262371324928539,-0.8477737373097765,-0.9134752195207553,-1.1718375516534434,-0.9501717140387715,2.3893318258090166,76,-0.9501717140387713,0.0027214486490691188,2,False,False,True
vw rabbit,0.7027050169770487,-0.8477737373097765,-0.9904126750196928,-0.9052672809869651,-1.2197211379351358,-0.4976626891047919,76,-1.2197211379351356,0.0027214486490691188,0,True,False,False
honda civic,1.2151209142963328,-0.8477737373097765,-0.9807954930823256,-1.358436741119978,-1.388337958169866,0.67175281060713,76,-1.3883379581698658,0.0027214486490691188,1,False,True,False
dodge aspen se,-0.4502307519913409,0.33406145515709207,0.30790688652487785,-0.10555646898753011,0.8155551288418179,0.781385513705123,76,0.8155551288418182,0.0027214486490691188,2,False,False,True
ford granada ghia,-0.706438700650983,0.33406145515709207,0.5483364349590576,-0.6920110644537824,0.7241220643483375,1.987345247783043,76,0.7241220643483377,0.0027214486490691188,2,False,False,True
pontiac ventura sj,-0.6423867134860725,0.33406145515709207,0.5483364349590576,0.1610138016789482,0.8084304744657025,0.23322199821515946,76,0.8084304744657029,0.0027214486490691188,2,False,False,True
amc pacer d/l,-0.7704906878158936,0.33406145515709207,0.6252738904579951,-0.23884160432076926,0.27170651146501223,0.8179297480711211,76,0.27170651146501257,0.0027214486490691188,2,False,False,True
volkswagen rabbit,0.7667570041419592,-0.8477737373097765,-0.9230924014581224,-0.8786102539203172,-1.3527146862892891,-1.2285473764247432,76,-1.352714686289289,0.0027214486490691188,0,True,False,False
datsun b-210,1.087016939966512,-0.8477737373097765,-1.0384985847065287,-0.9052672809869651,-1.1567866909461169,0.5255758731431402,76,-1.1567866909461169,0.0027214486490691188,1,False,True,False
toyota corolla,0.5746010426472277,-0.8477737373097765,-0.9230924014581224,-0.7719821456537259,-0.9608586956029446,0.30631046694715436,76,-0.9608586956029442,0.0027214486490691188,1,False,True,False
ford pinto,0.38244508115249604,-0.8477737373097765,-0.5095535781513333,-0.8519532268536694,-0.47400731323506184,-0.7169280953007772,76,-0.4740073132350618,0.0027214486490691188,2,False,False,True
volvo 245,-0.4502307519913409,-0.8477737373097765,-0.6057253975250052,-0.05224241485423446,0.22064648843618553,0.05050082638517162,76,0.22064648843618553,0.0027214486490691188,0,True,False,False
plymouth volare premier v8,-1.3469585723000883,1.5158966476239606,1.2023048067000266,1.2272948843448614,1.1587259812913742,-0.8631050327647676,76,1.1587259812913746,0.0027214486490691188,2,False,False,True
peugeot 504,-0.5783347263211619,-0.8477737373097765,-0.7018972168986771,-0.4254407937873041,0.36313957595849267,2.3162433570770204,76,0.3631395759584931,0.0027214486490691188,0,True,False,False
toyota mark ii,-0.5783347263211619,0.33406145515709207,-0.35567866715345825,0.10769974754565252,-0.04059083868804424,-0.022587642346823256,76,-0.040590838688043744,0.0027214486490691188,1,False,True,False
mercedes-benz 280s,-0.8985946621457146,0.33406145515709207,-0.24027248390505196,0.4275840723454265,1.0162328937690672,0.4159431700451473,76,1.0162328937690674,0.0027214486490691188,0,True,False,False
cadillac seville,-0.8985946621457146,1.5158966476239606,1.5100546286957766,2.0270056963442964,1.681200635539834,-1.2650916107907406,76,1.6812006355398343,0.0027214486490691188,2,False,False,True
chevy c10,-1.3469585723000883,1.5158966476239606,1.5100546286957766,1.0940097490116223,1.2952818568335853,-1.301635845156738,76,1.2952818568335855,0.0027214486490691188,2,False,False,True
ford f108,-1.3469585723000883,1.5158966476239606,1.0484298957021514,0.6941543430119048,1.0756050135700284,-0.2053088141768111,76,1.0756050135700286,0.0027214486490691188,2,False,False,True
dodge d100,-1.3469585723000883,1.5158966476239606,1.2023048067000266,1.2272948843448614,0.9390491380278174,-0.5707511578367868,76,0.9390491380278175,0.0027214486490691188,2,False,False,True
honda accord cvcc,1.0229649528016014,-0.8477737373097765,-0.9134752195207553,-0.9585813351202607,-1.0914773591650595,1.0737393886331037,77,-1.091477359165059,-0.26806269193580173,1,False,True,False
buick opel isuzu deluxe,0.8308089913068697,-0.8477737373097765,-0.7884518543349818,-0.6386970103204868,-0.9608586956029446,-0.27839728290880594,77,-0.9608586956029442,-0.26806269193580173,2,False,False,True
renault 5 gtl,1.599432837285796,-0.8477737373097765,-1.0962016763307318,-1.225151605786739,-1.3527146862892891,1.1102836229991018,77,-1.352714686289289,-0.26806269193580173,0,True,False,False
plymouth arrow gs,0.25434110682267497,-0.8477737373097765,-0.6826628530239427,-0.21218457725412143,-0.7886795481801567,-0.022587642346823256,77,-0.7886795481801563,-0.26806269193580173,2,False,False,True
datsun f-10 hatchback,1.2791729014612434,-0.8477737373097765,-1.0384985847065287,-0.9052672809869651,-1.210221598766982,0.4524874044111454,77,-1.2102215987669818,-0.26806269193580173,1,False,True,False
chevrolet caprice classic,-0.7704906878158936,1.5158966476239606,1.077281441514253,1.0940097490116223,1.0874794375302206,-1.1189146733267503,77,1.087479437530221,-0.26806269193580173,2,False,False,True
oldsmobile cutlass supreme,-0.834542674980804,1.5158966476239606,0.6445082543327295,0.1610138016789482,1.3012190688136813,1.2564605604630916,77,1.3012190688136815,-0.26806269193580173,2,False,False,True
dodge monaco brougham,-1.0266986364755357,1.5158966476239606,1.2023048067000266,1.0940097490116223,1.3962144604952196,-0.6803838609347798,77,1.3962144604952198,-0.26806269193580173,2,False,False,True
mercury cougar brougham,-1.0907506236404463,1.5158966476239606,1.0484298957021514,0.6941543430119048,1.5802680318781996,-0.24185304854280854,77,1.5802680318781996,-0.26806269193580173,2,False,False,True
chevrolet concours,-0.7704906878158936,0.33406145515709207,0.5483364349590576,0.1610138016789482,0.6600001749632992,0.30631046694715436,77,0.6600001749632994,-0.26806269193580173,2,False,False,True
buick skylark,-0.3861787648264303,0.33406145515709207,0.36560997814908097,0.02772866634570903,0.5471931473414727,0.4890316387771422,77,0.5471931473414731,-0.26806269193580173,2,False,False,True
plymouth volare custom,-0.5783347263211619,0.33406145515709207,0.30790688652487785,-0.10555646898753011,0.7906188385254141,0.781385513705123,77,0.7906188385254147,-0.26806269193580173,2,False,False,True
ford granada,-0.6423867134860725,0.33406145515709207,0.5483364349590576,-0.15887052312082578,0.6659373869433953,1.2564605604630916,77,0.6659373869433959,-0.26806269193580173,2,False,False,True
pontiac grand prix lj,-0.9626466493106252,1.5158966476239606,1.990913725564136,2.0270056963442964,1.4912098521767576,-1.6305339544507162,77,1.4912098521767578,-0.26806269193580173,2,False,False,True
chevrolet monte carlo landau,-1.0266986364755357,1.5158966476239606,1.5100546286957766,1.760435425677818,1.4259005203957003,-1.5209012513527234,77,1.4259005203957003,-0.26806269193580173,2,False,False,True
chrysler cordoba,-1.0266986364755357,1.5158966476239606,1.990913725564136,2.2935759670107747,1.6158913037587763,-1.2285473764247432,77,1.6158913037587768,-0.26806269193580173,2,False,False,True
ford thunderbird,-0.9626466493106252,1.5158966476239606,1.5196718106331437,1.2006378572782135,1.6277657277189685,-0.38802998600679894,77,1.627765727718969,-0.26806269193580173,2,False,False,True
volkswagen rabbit custom,0.7027050169770487,-0.8477737373097765,-0.9230924014581224,-0.6920110644537824,-1.2161588107470782,-0.38802998600679894,77,-1.216158810747078,-0.26806269193580173,0,True,False,False
pontiac sunbird coupe,0.1262371324928539,-0.8477737373097765,-0.4037645768402942,-0.4254407937873041,-0.2662048939316972,0.1601335294831646,77,-0.26620489393169716,-0.26806269193580173,2,False,False,True
toyota corolla liftback,0.3183930939875855,-0.8477737373097765,-0.9230924014581224,-0.7719821456537259,-0.8302400320408297,0.9641066855351108,77,-0.8302400320408293,-0.26806269193580173,1,False,True,False
ford mustang ii 2+2,0.25434110682267497,-0.8477737373097765,-0.5095535781513333,-0.39878376672065624,-0.24839325799140882,0.0870450607511697,77,-0.24839325799140835,-0.26806269193580173,2,False,False,True
chevrolet chevette,0.8948609784717803,-0.8477737373097765,-0.9134752195207553,-1.0918664704535,-1.084352704788944,0.5255758731431402,77,-1.0843527047889439,-0.26806269193580173,2,False,False,True
dodge colt m/m,1.2791729014612434,-0.8477737373097765,-0.9134752195207553,-0.5587259291205432,-1.0558540872844826,0.12358929511716714,77,-1.0558540872844824,-0.26806269193580173,2,False,False,True
subaru dl,0.8308089913068697,-0.8477737373097765,-0.9230924014581224,-0.9852383621869085,-1.162723902926213,0.30631046694715436,77,-1.1627239029262126,-0.26806269193580173,1,False,True,False
volkswagen dasher,0.8948609784717803,-0.8477737373097765,-0.9230924014581224,-0.6920110644537824,-0.9192982117422717,-0.5342069234707894,77,-0.9192982117422713,-0.26806269193580173,0,True,False,False
datsun 810,-0.19402280333169875,0.33406145515709207,-0.45185048652713017,-0.1855275501874736,-0.17714671423025527,-0.38802998600679894,77,-0.17714671423025485,-0.26806269193580173,1,False,True,False
bmw 320i,-0.2580747904966093,-0.8477737373097765,-0.6922800349613099,0.1610138016789482,-0.4324468293743889,-1.0092819702287572,77,-0.4324468293743889,-0.26806269193580173,0,True,False,False
mazda rx-4,-0.2580747904966093,-1.4386913335432108,-1.0865844943933647,0.1610138016789482,-0.2899537418520817,-0.7534723296667746,77,-0.2899537418520813,-0.26806269193580173,1,False,True,False
volkswagen rabbit custom diesel,2.508971055027526,-0.8477737373097765,-0.9904126750196928,-1.4917218764532172,-1.162723902926213,2.170066419613031,78,-1.1627239029262126,-0.5388468325206726,0,True,False,False
ford fiesta,1.6122432347187783,-0.8477737373097765,-0.9134752195207553,-1.0118953892535563,-1.3824007461897698,-0.42457422037279635,78,-1.3824007461897696,-0.5388468325206726,2,False,False,True
mazda glc deluxe,1.1895001194303683,-0.8477737373097765,-1.105818858268099,-1.385093768186626,-1.162723902926213,1.4026374979270813,78,-1.1627239029262126,-0.5388468325206726,1,False,True,False
datsun b210 gx,2.0349863500071876,-0.8477737373097765,-1.0384985847065287,-0.9052672809869651,-1.0617912992645788,1.1102836229991018,78,-1.0617912992645786,-0.5388468325206726,1,False,True,False
honda civic cvcc,1.6122432347187783,-0.8477737373097765,-0.9807954930823256,-1.1718375516534434,-1.3824007461897698,0.30631046694715436,78,-1.3824007461897696,-0.5388468325206726,1,False,True,False
oldsmobile cutlass salon brougham,-0.4630411494243232,1.5158966476239606,0.6445082543327295,0.1610138016789482,0.47594660358031915,-0.022587642346823256,78,0.47594660358031954,-0.5388468325206726,2,False,False,True
dodge diplomat,-0.5270931365892337,1.5158966476239606,1.2023048067000266,0.9607246136783831,0.9153002901074329,-0.8631050327647676,78,0.9153002901074334,-0.5388468325206726,2,False,False,True
mercury monarch ghia,-0.42460995712537675,1.5158966476239606,1.0484298957021514,0.9340675866117353,0.7193722947642606,-1.0092819702287572,78,0.7193722947642606,-0.5388468325206726,2,False,False,True
pontiac phoenix lj,-0.5527139314551979,0.33406145515709207,0.36560997814908097,0.02772866634570903,0.6778118109035877,1.3295490291950864,78,0.6778118109035877,-0.5388468325206726,2,False,False,True
chevrolet malibu,-0.3861787648264303,0.33406145515709207,0.0674773380906981,-0.23884160432076926,0.22658370041628167,0.9641066855351108,78,0.226583700416282,-0.5388468325206726,2,False,False,True
ford fairmont (auto),-0.42460995712537675,0.33406145515709207,0.0674773380906981,-0.5054118749872476,0.0009696451726286783,0.0870450607511697,78,0.0009696451726291767,-0.5388468325206726,2,False,False,True
ford fairmont (man),0.20309951709074672,-0.8477737373097765,-0.5095535781513333,-0.4254407937873041,-0.2899537418520817,-0.05913187671282069,78,-0.2899537418520813,-0.5388468325206726,2,False,False,True
plymouth volare,-0.3861787648264303,0.33406145515709207,0.30790688652487785,-0.10555646898753011,0.5531303593215688,0.5986643418751352,78,0.553130359321569,-0.5388468325206726,2,False,False,True
amc concord,-0.5270931365892337,0.33406145515709207,0.3752271600864482,-0.37212673965400844,0.2918930321973391,0.5986643418751352,78,0.29189303219733964,-0.5388468325206726,2,False,False,True
buick century special,-0.37336836739344803,0.33406145515709207,0.36560997814908097,0.02772866634570903,0.49375823952060754,0.0870450607511697,78,0.49375823952060777,-0.5388468325206726,2,False,False,True
mercury zephyr,-0.34774757252748395,0.33406145515709207,0.0674773380906981,-0.5054118749872476,0.12565109675464745,0.4159431700451473,78,0.12565109675464795,-0.5388468325206726,2,False,False,True
dodge aspen,-0.6295763160530902,0.33406145515709207,0.30790688652487785,0.1610138016789482,0.7787444145652219,1.1468278573650987,78,0.7787444145652224,-0.5388468325206726,2,False,False,True
amc concord d/l,-0.6936283032180007,0.33406145515709207,0.6252738904579951,0.4275840723454265,0.5293815114011844,-0.16876457981081366,78,0.5293815114011848,-0.5388468325206726,2,False,False,True
chevrolet monte carlo landau,-0.5527139314551979,1.5158966476239606,1.077281441514253,1.0940097490116223,0.5471931473414727,-0.8631050327647676,78,0.5471931473414731,-0.5388468325206726,2,False,False,True
buick regal sport coupe (turbo),-0.7448698929499294,0.33406145515709207,0.36560997814908097,1.627150290344579,0.5709419952618573,-0.790016564032772,78,0.5709419952618577,-0.5388468325206726,2,False,False,True
ford futura,-0.6936283032180007,1.5158966476239606,1.0484298957021514,0.9340675866117353,0.285955820217243,-1.5939897200847188,78,0.28595582021724314,-0.5388468325206726,2,False,False,True
dodge magnum xe,-0.7704906878158936,1.5158966476239606,-0.45185048652713017,0.9607246136783831,1.324967916734066,-0.6803838609347798,78,1.3249679167340662,-0.5388468325206726,2,False,False,True
chevrolet chevette,0.8308089913068697,-0.8477737373097765,-0.9134752195207553,-0.9585813351202607,-0.9608586956029446,0.34285470131315243,78,-0.9608586956029442,-0.5388468325206726,2,False,False,True
toyota corona,0.5105490554823171,-0.8477737373097765,-0.5672566697755365,-0.23884160432076926,-0.47994452521515796,-0.4976626891047919,78,-0.4799445252151577,-0.5388468325206726,1,False,True,False
datsun 510,0.4721178631833707,-0.8477737373097765,-0.7115143988360443,-0.1855275501874736,-0.7886795481801567,-0.3149415172748041,78,-0.7886795481801563,-0.5388468325206726,1,False,True,False
dodge omni,0.9461025682037085,-0.8477737373097765,-0.846154945959185,-0.7719821456537259,-0.8718005159015026,-0.38802998600679894,78,-0.8718005159015022,-0.5388468325206726,2,False,False,True
toyota celica gt liftback,-0.3093163802285375,-0.8477737373097765,-0.5672566697755365,-0.23884160432076926,-0.5333794330360231,-0.27839728290880594,78,-0.533379433036023,-0.5388468325206726,1,False,True,False
plymouth sapporo,-0.040298034135913575,-0.8477737373097765,-0.45185048652713017,0.02772866634570903,-0.2602676819516011,0.4159431700451473,78,-0.2602676819516007,-0.5388468325206726,2,False,False,True
oldsmobile starfire sx,0.03656435046197925,-0.8477737373097765,-0.4037645768402942,-0.5054118749872476,-0.1296490183894862,0.7448412793391261,78,-0.12964901838948606,-0.5388468325206726,2,False,False,True
datsun 200-sx,0.04937474789496108,-0.8477737373097765,-0.7115143988360443,-0.1855275501874736,-0.663998096598138,-0.24185304854280854,78,-0.6639980965981376,-0.5388468325206726,1,False,True,False
audi 5000,-0.41179955969239446,-0.2568561410763422,-0.596108215587638,-0.02558538778758663,-0.15933507828996687,0.12358929511716714,78,-0.15933507828996663,-0.5388468325206726,0,True,False,False
volvo 264gl,-0.834542674980804,0.33406145515709207,-0.2883583935918879,0.5608692076786657,0.20877206447599328,-0.7169280953007772,78,0.20877206447599378,-0.5388468325206726,0,True,False,False
saab 99gle,-0.245264393063627,-0.8477737373097765,-0.6922800349613099,0.29429893701218734,-0.20089556215063978,0.05050082638517162,78,-0.20089556215063956,-0.5388468325206726,0,True,False,False
peugeot 604sl,-0.937025854444661,0.33406145515709207,-0.2883583935918879,0.7741254242118483,0.5293815114011844,0.0870450607511697,78,0.5293815114011848,-0.5388468325206726,0,True,False,False
volkswagen scirocco,1.0229649528016014,-0.8477737373097765,-1.00002985695706,-0.8786102539203172,-1.1567866909461169,-0.24185304854280854,78,-1.1567866909461169,-0.5388468325206726,0,True,False,False
honda accord lx,0.7667570041419592,-0.8477737373097765,-0.9134752195207553,-0.9585813351202607,-0.9846075435233291,0.3793989356791505,78,-0.9846075435233289,-0.5388468325206726,1,False,True,False
pontiac lemans v6,-0.2580747904966093,0.33406145515709207,0.36560997814908097,0.29429893701218734,0.33345351605801204,-0.05913187671282069,79,0.33345351605801254,-0.8096309731055434,2,False,False,True
mercury zephyr 6,-0.475851546857305,0.33406145515709207,0.0674773380906981,-0.5054118749872476,0.030655705073109333,0.9641066855351108,79,0.03065570507310975,-0.8096309731055434,2,False,False,True
ford fairmont 4,-0.15559161103275235,-0.8477737373097765,-0.45185048652713017,-0.4254407937873041,-0.0880885345288133,0.6352085762411332,79,-0.08808853452881314,-0.8096309731055434,2,False,False,True
amc concord dl 6,-0.42460995712537675,0.33406145515709207,0.3752271600864482,-0.37212673965400844,0.35720236397839655,0.9641066855351108,79,0.35720236397839666,-0.8096309731055434,2,False,False,True
dodge aspen 6,-0.37336836739344803,0.33406145515709207,0.30790688652487785,-0.30548417198738886,0.47000939160022304,0.3793989356791505,79,0.4700093916002231,-0.8096309731055434,2,False,False,True
chevrolet caprice classic,-0.834542674980804,1.5158966476239606,1.077281441514253,0.6941543430119048,1.0399817416894517,-0.05913187671282069,79,1.0399817416894517,-0.8096309731055434,2,False,False,True
ford ltd landau,-0.7576802903829113,1.5158966476239606,1.0484298957021514,0.667497315945257,-0.19792695616059172,-0.790016564032772,79,-0.19792695616059133,-0.8096309731055434,2,False,False,True
mercury grand marquis,-0.8985946621457146,1.5158966476239606,1.5196718106331437,0.9074105595450874,1.1765376172316626,-0.8631050327647676,79,1.1765376172316628,-0.8096309731055434,2,False,False,True
dodge st. regis,-0.6808179057850189,1.5158966476239606,1.2023048067000266,0.827439478345144,1.0281073177292595,-0.13222034544481623,79,1.02810731772926,-0.8096309731055434,2,False,False,True
buick estate wagon (sw),-0.8473530724137863,1.5158966476239606,1.5100546286957766,1.3605800196781006,1.6574517876194492,-0.24185304854280854,79,1.6574517876194497,-0.8096309731055434,2,False,False,True
ford country squire (sw),-1.0266986364755357,1.5158966476239606,1.5196718106331437,1.0140386678116788,1.2940944144375661,-0.4611184547387938,79,1.2940944144375661,-0.8096309731055434,2,False,False,True
chevrolet malibu classic (sw),-0.5527139314551979,1.5158966476239606,0.7118285278942998,0.5608692076786657,0.7609327786249335,-0.2053088141768111,79,0.7609327786249336,-0.8096309731055434,2,False,False,True
chrysler lebaron town @ country (sw),-0.6423867134860725,1.5158966476239606,1.6062264480694486,1.2272948843448614,1.1587259812913742,-0.9361935014967624,79,1.1587259812913746,-0.8096309731055434,2,False,False,True
vw rabbit custom,1.0742065425335297,-0.8477737373097765,-1.00002985695706,-0.8786102539203172,-1.2339704466873667,-0.5707511578367868,79,-1.2339704466873664,-0.8096309731055434,0,True,False,False
maxda glc deluxe,1.3560352860591363,-0.8477737373097765,-1.0288814027691615,-1.0385524163202042,-1.1745983268864053,-0.13222034544481623,79,-1.174598326886405,-0.8096309731055434,1,False,True,False
dodge colt hatchback custom,1.5610016449868502,-0.8477737373097765,-0.9134752195207553,-0.6386970103204868,-1.2458448706475589,-0.42457422037279635,79,-1.2458448706475584,-0.8096309731055434,2,False,False,True
amc spirit dl,0.4977386580493348,-0.8477737373097765,-0.6922800349613099,-0.6386970103204868,-0.3493258616530431,-0.2053088141768111,79,-0.349325861653043,-0.8096309731055434,2,False,False,True
mercedes benz 300d,0.24153070938969268,-0.2568561410763422,-0.09601475484454412,-0.7186680915204302,0.6718745989234916,1.6584471384890653,79,0.6718745989234918,-0.8096309731055434,0,True,False,False
cadillac eldorado,-0.06591882900187769,1.5158966476239606,1.5100546286957766,0.5608692076786657,1.1112282854506053,0.67175281060713,79,1.1112282854506057,-0.8096309731055434,2,False,False,True
peugeot 504,0.4721178631833707,-0.8477737373097765,-0.49993639621396607,-0.8786102539203172,0.2681441842769546,3.3760261536909506,79,0.2681441842769549,-0.8096309731055434,0,True,False,False
oldsmobile cutlass salon brougham,0.04937474789496108,1.5158966476239606,0.6445082543327295,-0.37212673965400844,0.5412559353613766,2.4258760601750136,79,0.5412559353613772,-0.8096309731055434,2,False,False,True
plymouth horizon,1.3688456834921185,-0.8477737373097765,-0.846154945959185,-0.9052672809869651,-0.9074237877820794,-0.8631050327647676,79,-0.9074237877820792,-0.8096309731055434,2,False,False,True
plymouth horizon tc3,1.4072768757910645,-0.8477737373097765,-0.846154945959185,-0.9052672809869651,-0.9667959075830407,-0.24185304854280854,79,-0.9667959075830403,-0.8096309731055434,2,False,False,True
datsun 210,1.0613961451005478,-0.8477737373097765,-1.0384985847065287,-1.0385524163202042,-1.1211634190655402,1.3295490291950864,79,-1.1211634190655397,-0.8096309731055434,1,False,True,False
fiat strada custom,1.765968003914563,-0.8477737373097765,-0.9807954930823256,-0.9319243080536128,-0.9905447555034252,-0.3149415172748041,79,-0.990544755503425,-0.8096309731055434,0,True,False,False
buick skylark limited,0.6258426323791558,-0.8477737373097765,-0.4037645768402942,-0.37212673965400844,-0.3493258616530431,0.1601335294831646,79,-0.349325861653043,-0.8096309731055434,2,False,False,True
chevrolet citation,0.6770842221110845,0.33406145515709207,-0.19218657421821603,0.29429893701218734,-0.43838404135448505,-1.5574454857187208,79,-0.4383840413544847,-0.8096309731055434,2,False,False,True
oldsmobile omega brougham,0.4208762734514424,0.33406145515709207,-0.19218657421821603,0.29429893701218734,-0.3137025897724663,-0.9727377358627599,79,-0.31370258977246596,-0.8096309731055434,2,False,False,True
pontiac phoenix,1.2791729014612434,-0.8477737373097765,-0.4037645768402942,-0.37212673965400844,-0.48469429479923487,-0.8631050327647676,79,-0.4846942947992347,-0.8096309731055434,2,False,False,True
vw rabbit,2.304004696099812,-0.8477737373097765,-0.9134752195207553,-0.7453251185870781,-0.9739205619591561,-0.3149415172748041,80,-0.9739205619591557,-1.0804151136904143,0,True,False,False
toyota corolla tercel,1.8684511833784205,-0.8477737373097765,-1.00002985695706,-1.1718375516534434,-1.18291042365854,1.1833720917310968,80,-1.1829104236585397,-1.0804151136904143,1,False,True,False
chevrolet chevette,1.0998273373994942,-0.8477737373097765,-0.9134752195207553,-0.9052672809869651,-1.0024191794636175,-0.022587642346823256,80,-1.002419179463617,-1.0804151136904143,2,False,False,True
datsun 310,1.7531576064815817,-0.8477737373097765,-1.0288814027691615,-1.0385524163202042,-1.1223508614615594,0.30631046694715436,80,-1.1223508614615592,-1.0804151136904143,1,False,True,False
chevrolet citation,0.5746010426472277,-0.8477737373097765,-0.4037645768402942,-0.37212673965400844,-0.33982632248488925,0.34285470131315243,80,-0.3398263224848889,-1.0804151136904143,2,False,False,True
ford fairmont,0.36963468371951375,-0.8477737373097765,-0.5095535781513333,-0.4254407937873041,-0.11183738244919782,0.9275624511691141,80,-0.11183738244919723,-1.0804151136904143,2,False,False,True
amc concord,0.10061633762688978,-0.8477737373097765,-0.4037645768402942,-0.37212673965400844,0.046092456221359275,1.6584471384890653,80,0.04609245622135975,-1.0804151136904143,2,False,False,True
dodge aspen,-0.5655243288881796,0.33406145515709207,0.30790688652487785,-0.37212673965400844,0.4949456819166268,1.1468278573650987,80,0.4949456819166272,-1.0804151136904143,2,False,False,True
audi 4000,1.3816560809251,-0.8477737373097765,-0.9230924014581224,-0.6920110644537824,-0.9216730965343101,0.0870450607511697,80,-0.9216730965343098,-1.0804151136904143,0,True,False,False
toyota corona liftback,0.8051881964409057,-0.8477737373097765,-0.5672566697755365,-0.37212673965400844,-0.3006407234162548,-0.022587642346823256,80,-0.3006407234162542,-1.0804151136904143,1,False,True,False
mazda 626,0.9973441579356372,-0.8477737373097765,-0.7018972168986771,-0.7719821456537259,-0.501318488343504,0.7082970449731281,80,-0.5013184883435036,-1.0804151136904143,1,False,True,False
datsun 510 hatchback,1.7275368116156171,-0.8477737373097765,-0.7115143988360443,-0.31881268552071274,-0.6295622671135804,-0.2053088141768111,80,-0.62956226711358,-1.0804151136904143,1,False,True,False
toyota corolla,1.1126377348324765,-0.8477737373097765,-0.8173034001470834,-0.7719821456537259,-0.8302400320408297,-0.13222034544481623,80,-0.8302400320408293,-1.0804151136904143,1,False,True,False
mazda glc,2.9573349651818996,-0.8477737373097765,-1.0288814027691615,-1.0385524163202042,-1.0142936034238097,0.8544739824371178,80,-1.0142936034238095,-1.0804151136904143,1,False,True,False
dodge colt,0.5617906452142454,-0.8477737373097765,-0.35567866715345825,0.02772866634570903,-0.19495835017054367,-0.42457422037279635,80,-0.19495835017054308,-1.0804151136904143,2,False,False,True
datsun 210,2.214331914068937,-0.8477737373097765,-1.0384985847065287,-1.0385524163202042,-1.0142936034238097,1.3295490291950864,80,-1.0142936034238095,-1.0804151136904143,1,False,True,False
vw rabbit c (diesel),2.6626958242233107,-0.8477737373097765,-0.9904126750196928,-1.4917218764532172,-1.0439796633242904,2.2431548883450256,80,-1.0439796633242902,-1.0804151136904143,0,True,False,False
vw dasher (diesel),2.5474022473264717,-0.8477737373097765,-0.9904126750196928,-1.4917218764532172,-0.7471190643194838,2.974039575664977,80,-0.7471190643194834,-1.0804151136904143,0,True,False,False
audi 5000s (diesel),1.6506744270177243,-0.2568561410763422,-0.6922800349613099,-0.9852383621869085,-0.016841990767659715,1.5853586697570692,80,-0.016841990767659645,-1.0804151136904143,0,True,False,False
mercedes-benz 240d,0.8308089913068697,-0.8477737373097765,-0.45185048652713017,-0.9852383621869085,0.33939072803810816,2.279699122711024,80,0.33939072803810844,-1.0804151136904143,0,True,False,False
honda civic 1500 gl,2.7011270165222574,-0.8477737373097765,-0.9807954930823256,-0.9852383621869085,-1.3230286263888085,-0.6438396265687817,80,-1.3230286263888082,-1.0804151136904143,1,False,True,False
renault lecar deluxe,2.227142311501919,-0.8477737373097765,-1.0384985847065287,-0.30548417198738886,-1.340840262329097,0.6352085762411332,80,-1.3408402623290967,-1.0804151136904143,0,True,False,False
subaru dl,1.3176040937601894,-0.8477737373097765,-0.9230924014581224,-0.9852383621869085,-0.9727331195631368,0.8910182168031159,80,-0.9727331195631366,-1.0804151136904143,1,False,True,False
vokswagen rabbit,0.8051881964409057,-0.8477737373097765,-1.00002985695706,-1.1185234975201477,-1.3289658383689047,-0.09567611107881813,80,-1.3289658383689043,-1.0804151136904143,0,True,False,False
datsun 280-zx,1.1766897219973869,0.33406145515709207,-0.24027248390505196,0.7474683971452004,-0.06433968660842876,-1.5209012513527234,80,-0.06433968660842844,-1.0804151136904143,1,False,True,False
mazda rx-7 gs,0.02375395302899696,-1.4386913335432108,-1.1827563137670365,-0.10555646898753011,-0.6461864606578496,-1.1189146733267503,80,-0.6461864606578493,-1.0804151136904143,1,False,True,False
triumph tr7 coupe,1.471328862955975,-0.8477737373097765,-0.6826628530239427,-0.4254407937873041,-0.5511910689763115,-0.16876457981081366,80,-0.5511910689763112,-1.0804151136904143,0,True,False,False
ford mustang cobra,0.010943555596015125,-0.8477737373097765,-0.5095535781513333,-0.30548417198738886,-0.0702768985885249,-0.4611184547387938,80,-0.07027689858852432,-1.0804151136904143,2,False,False,True
honda accord,1.13825852969844,-0.8477737373097765,-0.8269205820844505,-0.8519532268536694,-0.8005539721403491,0.5255758731431402,80,-0.8005539721403487,-1.0804151136904143,1,False,True,False
plymouth reliant,0.4721178631833707,-0.8477737373097765,-0.5576394878381692,-0.5320689020538955,-0.5630654929365038,0.05050082638517162,81,-0.5630654929365035,-1.3511992542752853,2,False,False,True
buick skylark,0.3952554785854783,-0.8477737373097765,-0.4037645768402942,-0.5320689020538955,-0.390886345513716,0.30631046694715436,81,-0.3908863455137159,-1.3511992542752853,2,False,False,True
dodge aries wagon (sw),0.2927722991216214,-0.8477737373097765,-0.35567866715345825,-0.31881268552071274,-0.4086979814540044,-0.42457422037279635,81,-0.40869798145400416,-1.3511992542752853,2,False,False,True
chevrolet citation,-0.0018668418369671628,0.33406145515709207,-0.19218657421821603,0.1610138016789482,-0.2840165298719856,-1.082370438960753,81,-0.2840165298719854,-1.3511992542752853,2,False,False,True
plymouth reliant,0.8308089913068697,-0.8477737373097765,-0.5576394878381692,-0.5320689020538955,-0.6877469445185226,-0.9727377358627599,81,-0.6877469445185223,-1.3511992542752853,2,False,False,True
toyota starlet,1.9965551577082417,-0.8477737373097765,-1.0962016763307318,-1.225151605786739,-1.4358356540106352,0.4890316387771422,81,-1.435835654010635,-1.3511992542752853,1,False,True,False
plymouth champ,1.9837447602752594,-0.8477737373097765,-1.0288814027691615,-1.065209443386852,-1.293342566488328,0.30631046694715436,81,-1.2933425664883276,-1.3511992542752853,2,False,False,True
honda civic 1300,1.4841392603889574,-0.8477737373097765,-1.0769673124559975,-1.1718375516534434,-1.429898442030539,0.19667776384916266,81,-1.4298984420305387,-1.3511992542752853,1,False,True,False
subaru,1.1254481322654577,-0.8477737373097765,-0.9230924014581224,-0.9852383621869085,-1.067728511244675,0.8179297480711211,81,-1.0677285112446748,-1.3511992542752853,1,False,True,False
datsun 210 mpg,1.7275368116156171,-0.8477737373097765,-1.0384985847065287,-1.0385524163202042,-1.1745983268864053,1.4026374979270813,81,-1.174598326886405,-1.3511992542752853,1,False,True,False
toyota tercel,1.8172095936464923,-0.8477737373097765,-1.00002985695706,-1.1185234975201477,-1.0855401471849633,0.6352085762411332,81,-1.085540147184963,-1.3511992542752853,1,False,True,False
mazda glc 4,1.3560352860591363,-0.8477737373097765,-0.9807954930823256,-0.9585813351202607,-1.162723902926213,0.1601335294831646,81,-1.1627239029262126,-1.3511992542752853,1,False,True,False
plymouth horizon 4,1.432897670657029,-0.8477737373097765,-0.846154945959185,-1.0918664704535,-0.889612151841791,-0.24185304854280854,81,-0.8896121518417907,-1.3511992542752853,2,False,False,True
ford escort 4w,1.3944664783580822,-0.8477737373097765,-0.9134752195207553,-1.0385524163202042,-1.0914773591650595,0.23322199821515946,81,-1.091477359165059,-1.3511992542752853,2,False,False,True
ford escort 2h,0.8179985938738874,-0.8477737373097765,-0.9134752195207553,-1.0385524163202042,-0.6936841564986187,1.87771254468505,81,-0.6936841564986181,-1.3511992542752853,2,False,False,True
volkswagen jetta,1.2151209142963328,-0.8477737373097765,-0.846154945959185,-0.7986391727203737,-0.9192982117422717,-0.4976626891047919,81,-0.9192982117422713,-1.3511992542752853,0,True,False,False
renault 18i,1.4072768757910645,-0.8477737373097765,-0.8942408556460208,-0.30548417198738886,-0.7649307002597723,0.0870450607511697,81,-0.7649307002597723,-1.3511992542752853,0,True,False,False
honda prelude,1.304793696327208,-0.8477737373097765,-0.8269205820844505,-0.7719821456537259,-0.8955493638218871,-0.42457422037279635,81,-0.8955493638218869,-1.3511992542752853,1,False,True,False
toyota corolla,1.13825852969844,-0.8477737373097765,-0.8173034001470834,-0.7719821456537259,-0.7293074283791955,0.4524874044111454,81,-0.7293074283791952,-1.3511992542752853,1,False,True,False
datsun 200sx,1.2023105168633506,-0.8477737373097765,-0.7115143988360443,-0.10555646898753011,-0.4146351934341005,-0.27839728290880594,81,-0.41463519343410005,-1.3511992542752853,1,False,True,False
mazda 626,1.0357753502345837,-0.8477737373097765,-0.7018972168986771,-0.7986391727203737,-0.390886345513716,1.0006509199011089,81,-0.3908863455137159,-1.3511992542752853,1,False,True,False
peugeot 505s turbo diesel,0.5874114400802098,-0.8477737373097765,-0.49993639621396607,-0.6386970103204868,0.31564188011772365,1.768079841587057,81,0.3156418801177237,-1.3511992542752853,0,True,False,False
volvo diesel,0.9204817733377444,0.33406145515709207,-0.4614676684644973,-0.7453251185870781,0.2325209123963778,1.4757259666590776,81,0.2325209123963779,-1.3511992542752853,0,True,False,False
toyota cressida,0.24153070938969268,0.33406145515709207,-0.24027248390505196,0.32095596407883514,-0.07621411056862103,-1.082370438960753,81,-0.07621411056862079,-1.3511992542752853,1,False,True,False
datsun 810 maxima,0.08780594019390749,0.33406145515709207,-0.45185048652713017,0.4275840723454265,-0.04059083868804424,-0.6438396265687817,81,-0.040590838688043744,-1.3511992542752853,1,False,True,False
buick century,-0.1427812135997705,0.33406145515709207,0.36560997814908097,0.1610138016789482,0.5353187233812805,0.0870450607511697,81,0.5353187233812807,-1.3511992542752853,2,False,False,True
oldsmobile cutlass ls,0.3952554785854783,1.5158966476239606,1.5100546286957766,0.02772866634570903,0.9034258661472406,1.2564605604630916,81,0.9034258661472411,-1.3511992542752853,2,False,False,True
ford granada gl,-0.42460995712537675,0.33406145515709207,0.0674773380906981,-0.4254407937873041,0.11377667279445518,0.5621201075091383,81,0.1137766727944556,-1.3511992542752853,2,False,False,True
chrysler lebaron salon,-0.7576802903829113,0.33406145515709207,0.30790688652487785,-0.5054118749872476,0.5946908431822417,0.3793989356791505,81,0.5946908431822419,-1.3511992542752853,2,False,False,True
chevrolet cavalier,0.5746010426472277,-0.8477737373097765,-0.7788346723976146,-0.4254407937873041,-0.4265096173942928,1.4757259666590776,82,-0.4265096173942924,-1.621983394860156,2,False,False,True
chevrolet cavalier wagon,0.44649706831740654,-0.8477737373097765,-0.7788346723976146,-0.4254407937873041,-0.38494913353361987,1.1102836229991018,82,-0.3849491335336195,-1.621983394860156,2,False,False,True
chevrolet cavalier 2-door,1.343224888626154,-0.8477737373097765,-0.7788346723976146,-0.4254407937873041,-0.6758725205583302,0.8910182168031159,82,-0.6758725205583299,-1.621983394860156,2,False,False,True
pontiac j2000 se hatchback,0.9589129656366908,-0.8477737373097765,-0.7788346723976146,-0.5054118749872476,-0.46213288927486956,0.23322199821515946,82,-0.46213288927486945,-1.621983394860156,2,False,False,True
dodge aries se,0.7027050169770487,-0.8477737373097765,-0.5576394878381692,-0.5320689020538955,-0.5215050090758309,0.1601335294831646,82,-0.5215050090758306,-1.621983394860156,2,False,False,True
pontiac phoenix,0.44649706831740654,-0.8477737373097765,-0.4037645768402942,-0.37212673965400844,-0.27214210591179333,0.8910182168031159,82,-0.27214210591179305,-1.621983394860156,2,False,False,True
ford fairmont futura,0.06218514532794337,-0.8477737373097765,-0.5095535781513333,-0.31881268552071274,-0.11777459442929394,0.30631046694715436,82,-0.11777459442929371,-1.621983394860156,2,False,False,True
amc concord dl,-0.06591882900187769,-0.8477737373097765,-0.4037645768402942,-0.30548417198738886,0.08409061289397451,1.8046240759530552,82,0.08409061289397501,-1.621983394860156,2,False,False,True
volkswagen rabbit l,1.599432837285796,-0.8477737373097765,-0.846154945959185,-0.7986391727203737,-1.168661114906309,-0.09567611107881813,82,-1.1686611149063089,-1.621983394860156,0,True,False,False
mazda glc custom l,1.7275368116156171,-0.8477737373097765,-0.9807954930823256,-0.9585813351202607,-1.115226207085444,0.9641066855351108,82,-1.1152262070854437,-1.621983394860156,1,False,True,False
mazda glc custom,0.9589129656366908,-0.8477737373097765,-0.9807954930823256,-0.9585813351202607,-1.1805355388665015,0.7448412793391261,82,-1.180535538866501,-1.621983394860156,1,False,True,False
plymouth horizon miser,1.8556407859454382,-0.8477737373097765,-0.846154945959185,-1.0918664704535,-0.9964819674835214,-0.3149415172748041,82,-0.9964819674835209,-1.621983394860156,2,False,False,True
mercury lynx l,1.599432837285796,-0.8477737373097765,-0.9134752195207553,-0.9052672809869651,-0.9964819674835214,0.6352085762411332,82,-0.9964819674835209,-1.621983394860156,2,False,False,True
nissan stanza xe,1.599432837285796,-0.8477737373097765,-0.7018972168986771,-0.4254407937873041,-0.9549214836228485,-0.38802998600679894,82,-0.954921483622848,-1.621983394860156,1,False,True,False
honda accord,1.599432837285796,-0.8477737373097765,-0.8269205820844505,-0.7719821456537259,-0.9014865758019832,-0.38802998600679894,82,-0.9014865758019831,-1.621983394860156,1,False,True,False
toyota corolla,1.343224888626154,-0.8477737373097765,-0.8173034001470834,-0.9052672809869651,-0.8539888799612142,0.4890316387771422,82,-0.853988879961214,-1.621983394860156,1,False,True,False
honda civic,1.8556407859454382,-0.8477737373097765,-0.9807954930823256,-0.9852383621869085,-1.1864727508465975,-0.2053088141768111,82,-1.1864727508465973,-1.621983394860156,1,False,True,False
honda civic (auto),1.087016939966512,-0.8477737373097765,-0.9807954930823256,-0.9852383621869085,-1.1864727508465975,0.05050082638517162,82,-1.1864727508465973,-1.621983394860156,1,False,True,False
datsun 310 gx,1.8556407859454382,-0.8477737373097765,-0.9807954930823256,-0.9852383621869085,-1.1508494789660209,0.23322199821515946,82,-1.1508494789660206,-1.621983394860156,1,False,True,False
buick century limited,0.19028911965776443,0.33406145515709207,-0.11524911871927851,0.1610138016789482,-0.022779202747755845,0.30631046694715436,82,-0.02277920274775552,-1.621983394860156,2,False,False,True
oldsmobile cutlass ciera (diesel),1.8556407859454382,0.33406145515709207,0.6637426182074638,-0.5054118749872476,0.06034176497358999,0.5255758731431402,82,0.060341764973590326,-1.621983394860156,2,False,False,True
chrysler lebaron medallion,0.3183930939875855,-0.8477737373097765,-0.35567866715345825,-0.31881268552071274,-0.4502584653146773,-0.38802998600679894,82,-0.4502584653146771,-1.621983394860156,2,False,False,True
ford granada l,-0.19402280333169875,0.33406145515709207,0.3752271600864482,0.21432785581224384,-0.15339786630987073,-0.3149415172748041,82,-0.15339786630987015,-1.621983394860156,2,False,False,True
toyota celica gt,1.087016939966512,-0.8477737373097765,-0.47108485040186454,-0.21218457725412143,-0.3552630736331392,-0.6072953922027842,82,-0.3552630736331389,-1.621983394860156,1,False,True,False
dodge charger 2.2,1.599432837285796,-0.8477737373097765,-0.5576394878381692,-0.5320689020538955,-0.7055585804588109,-0.9361935014967624,82,-0.7055585804588105,-1.621983394860156,2,False,False,True
chevrolet camaro,0.44649706831740654,-0.8477737373097765,-0.4037645768402942,-0.37212673965400844,-0.016841990767659715,0.6352085762411332,82,-0.016841990767659645,-1.621983394860156,2,False,False,True
ford mustang gl,0.44649706831740654,-0.8477737373097765,-0.5095535781513333,-0.47875484792059975,-0.20683277413073592,0.013956592019174183,82,-0.20683277413073542,-1.621983394860156,2,False,False,True
vw pickup,2.6242646319243645,-0.8477737373097765,-0.9230924014581224,-1.385093768186626,-0.9905447555034252,3.302937684958956,82,-0.990544755503425,-1.621983394860156,0,True,False,False
dodge rampage,1.087016939966512,-0.8477737373097765,-0.5576394878381692,-0.5320689020538955,-0.794616760160253,-1.4478127826207285,82,-0.7946167601602528,-1.621983394860156,2,False,False,True
ford ranger,0.5746010426472277,-0.8477737373097765,-0.7018972168986771,-0.6653540373871345,-0.40276076947390826,1.1102836229991018,82,-0.4027607694739077,-1.621983394860156,2,False,False,True
chevy s-10,0.9589129656366908,-0.8477737373097765,-0.7115143988360443,-0.585382956187191,-0.2899537418520817,1.4026374979270813,82,-0.2899537418520813,-1.621983394860156,2,False,False,True
