Title,Price,Location,Area,BHK,Description
"2 BHK Independent House for Sale in  Jigani, Bangalore",₹ 59 Lac,"Jigani, Bangalore","Carpet Area 550 sqft Under Construction Poss. by Oct '26 Transaction Resale Furnishing Semi-Furnished facing North - East overlooking Garden/Park, Main Road Ownership Freehold Bathroom 2 Balcony 1",2 BHK,"Residential house is available for sale. It has a covered area of 700 sq-ft, it is 2 BHK house, has total 1 floor facing North-East direction. This 2 BHK house with all modern amenities is immediately available for sale in Jigani, Bangalore. The facing of the property is north - east. The date of possession is Oct '26. Located in Jigani, the under construction independent house is available for sale at a price of ₹59 Lac. Explore this 2 BHK independent home at Jigani, Bangalore - South, Karnataka. The unit provides security. The house comes with a Puja Room and Store. Read more"
"4 BHK Independent House for Sale in  Defence Colony Bagalakunte, Bangalore",₹ 2.30 Cr,"Defence Colony Bagalakunte, Bangalore",Super Area 2600 sqft Status Ready to Move Transaction Resale Furnishing Semi-Furnished Bathroom 3,4 BHK,"You can buy 4 BHK independent house in Bagalakunte Defence Colony, Bangalore available at the best price.  Smartly located in Bagalakunte Defence Colony the house for sale is at price of ₹2.30 Cr. This is an independent ready to move house. To see this 4 BHK unit, head to Bagalakunte Defence Colony, Bangalore - West, Karnataka. Read more"
"3 BHK Independent House for Sale in  Attibele Anekal Road, Bangalore",₹ 85 Lac,"Attibele Anekal Road, Bangalore","Carpet Area 1200 sqft Status Ready to Move Transaction Resale Furnishing Semi-Furnished overlooking Pool, Garden/Park Bathroom 2",3 BHK,"The beautifully designed 3 bedroom house is situated in a prime location in Attibele Anekal Road. The official possession date of this house is Aug '26. Smartly located in Attibele Anekal Road the house for sale is at price of ₹85 Lac. This is an independent ready to move house. Visit this 3 BHK property at Attibele Anekal Road, Bangalore - South, Karnataka. A property Puja Room and Servant Room is provided in the house. Read more"
"8 BHK Independent House for Sale in  Poornapragna Housing Society Layout, Bangalore",₹ 3.50 Cr,"Poornapragna Housing Society Layout, Bangalore",Carpet Area 1000 sqft Status Ready to Move Transaction Resale Furnishing Semi-Furnished facing West Bathroom 6,8 BHK,"This 8 BHK house with all modern amenities is immediately available for sale in Poornapragna Housing Society Layout, Bangalore. west facing, this individual house for sale is spacious. Placed in the well-connected Poornapragna Housing Society Layout locality, this ready to move house is being offered at price tag of ₹3.50 Cr. Visit the property at Poornapragna Housing Society Layout, Bangalore - South, Karnataka. This may be an apt option for a family living from House for Sale in Bangalore Read more"
"5 BHK Independent House for Sale in  Annasandrapalya Extension, Bangalore",₹ 2.10 Cr,"Annasandrapalya Extension, Bangalore",Super Area 2000 sqft Status Ready to Move Floor 1 out of 2 Transaction Resale Furnishing Semi-Furnished Bathroom 5,5 BHK,"This 5 BHK house with all modern amenities is immediately available for sale in Annasandrapalya Extension, Bangalore. Known for its strategic location in Annasandrapalya Extension, the ready to move independent house can be availed at a price starting from ₹2.10 Cr. To see this 5 BHK unit, head to Annasandrapalya Extension, Bangalore - Central, Karnataka. Read more"
"3 BHK Independent House for Sale in  Jigani Anekal Road, Bangalore",₹ 58 Lac,"Jigani Anekal Road, Bangalore",Carpet Area 1150 sqft Status Ready to Move Transaction Resale Furnishing Semi-Furnished overlooking Main Road Bathroom 4 Balcony 2,3 BHK,"experience your lifestyle with this meticulously designed 3 BHK independent house for sale located at a favourable location in Jigani Anekal Road in Bangalore.Situated in Jigani Anekal Road, this charming house is for immediate resale. Its official date of possession is Aug '26. This ready to move individual villa / house is available for price of ₹58 Lac. Read more"
"4 BHK Independent House for Sale in  Jigani, Bangalore",₹ 1.60 Cr,"Jigani, Bangalore",Super Area 2020 sqft Status Ready to Move Transaction Resale Furnishing Unfurnished facing East Ownership Freehold Bathroom 4 Balcony 2,4 BHK,"East facing home in a quite posh society. Home modified from original layout to make more ventilated and includes a large luxury bath experience your lifestyle with this meticulously designed 4 BHK independent house for sale located at a favourable location in Jigani in Bangalore.This spacious and premium house in Ranka Countryside may just be the perfect house for you. Uniquely designed this independent house faces east. Constructed to meet all the needs of a family, this spacious house is up for immediate resale in Jigani. The ready to move house comes to you at the price of ₹1.60 Cr. The project is RERA approved and PRM/KA/RERA/1251/308/PR/210705/004183 is the RERA number of the society. You can choose villa / house units at Ranka Countryside, priced from ₹73.1 Lac - ₹1.22 Cr. Read more"
"7 BHK Independent House for Sale in  Rachenahalli, Thanisandra, Bangalore",₹ 3.25 Cr,"Rachenahalli, Thanisandra, Bangalore",Super Area 3960 sqft Status Ready to Move Transaction Resale Furnishing Semi-Furnished facing West overlooking Main Road Ownership Freehold Car Parking 2 Covered Bathroom 6 Balcony 4,7 BHK,"Check this urgent house for sale in Bangalore, Rachenahalli available with 7 bedroom configuration. west facing, this individual house for sale is spacious. The house is approved by Bruhat Bengaluru Mahanagara Palike.  This ready to move 7 BHK independent house is listed for sale at cost of ₹3.25 Cr. To see this 7 BHK unit, head to Rachenahalli, Arogyappa Layout, Bengaluru, Karnataka 560077, Rachenahalli, Bangalore - North, Karnataka. The flooring across the residence is granite. Read more"
"5 BHK Independent House for Sale in  Chikkagubbi, Bangalore",₹ 3 Cr,"Chikkagubbi, Bangalore",Carpet Area 3800 sqft Status Ready to Move Transaction Resale Furnishing Semi-Furnished facing North Ownership Freehold Dimensions 40 X 40 ft Sqft Car Parking 2 Covered Bathroom 3 Balcony 3,5 BHK,Looking for an independent house for sale? Check out this magnificent 5 BHK house that is strategically located in Chikkagubbi in Bangalore.The independent house is smartly planned and faces north. Available for resale this house in Chikkagubbi is worth every penny. This ready to move individual villa / house with a wide range of amazing facilities is available at ₹3 Cr. Read more
4 BHK Independent House for Sale in   Bangalore,₹ 2.60 Cr,Bangalore,Super Area 1200 sqft Status Ready to Move Transaction Resale Furnishing Furnished Bathroom 5,4 BHK,"The 4 bedroom house in Anjanapura block 3 near Mangalaya prosper appartment, Bangalore is currently available for sale exclusively.  Known for its strategic location in Anjanapura block 3 near Mangalaya prosper appartment, the ready to move independent house can be availed at a price starting from ₹2.60 Cr. Read more"
"6 BHK Independent House for Sale in  Nri Layout, Bangalore",₹ 2.75 Cr,"Nri Layout, Bangalore",Carpet Area 3500 sqft Status Ready to Move Transaction Resale Furnishing Semi-Furnished facing East overlooking Main Road Ownership Freehold Dimensions 30 X 50 ft Sqft Car Parking 1 Covered Bathroom 5 Balcony 2,6 BHK,"Have a look at 6 BHK, an independent house available for sale at an excellent location in NRI Layout in Bangalore.This well-located independent house faces east. Constructed to meet all the needs of a family, this spacious villa / house is up for immediate resale in NRI Layout. This ready to move property is readily available at price of ₹2.75 Cr. Read more"
"4 BHK Independent House for Sale in  Kasavanahalli, Bangalore",₹ 4.75 Cr,"Kasavanahalli, Bangalore","Carpet Area 2575 sqft Status Ready to Move Transaction Resale Furnishing Semi-Furnished facing East overlooking Garden/Park, Pool, Main Road Ownership Freehold Car Parking 2 Covered, Bathroom 5 Balcony 3",4 BHK,"Featuring classy interiors and appealing exterior elevation, a 4 BHK independent house is up for sale in Kasavanahalli in Bangalore.The direction of the house is important for many people; this independent house is east facing.  Situated in Kasavanahalli, this gorgeous house is available for resale. This ready to move villa / house with all modern amenities is priced at ₹4.75 Cr. Read more"
"10 BHK Independent House for Sale in  Jakkur, Bangalore",₹ 5.25 Cr,"Jakkur, Bangalore","Carpet Area 4500 sqft Status Ready to Move Transaction Resale Furnishing Semi-Furnished facing East overlooking Garden/Park, Main Road Ownership Freehold Car Parking 5 Covered, Bathroom 10 Balcony 4",10 BHK,"Interested to buy an independent house in Bangalore? Check out this 10 BHK house for sale in Jakkur. As this house is a part of the quality Telecom Layout, it is certain to ensure an awesome living quality. This east facing residence on sale is unique in its own way. This ready to move property in Jakkur is available for a price of ₹5.25 Cr. The residence is fitted with reserved parking, air conditioned, visitor parking. Read more"
"> 10 BHK Independent House for Sale in  Devanahalli, Bangalore",₹ 10.50 Cr,"Devanahalli, Bangalore",Carpet Area 4047 sqft Status Ready to Move Transaction Resale Furnishing Semi-Furnished facing East Ownership Freehold Bathroom > 10 Balcony > 10,10 BHK,"close to airport, tech park, schools, colleges and hospitals The beautifully designed > 10 bedroom house is situated in a prime location in Devanahalli. Smartly situated, this unit faces east. You can buy this ready to move house in Devanahalli at price of ₹10.50 Cr. Visit the property at Devanahalli, Bangalore - Bangalore Rural, Karnataka. The residence offers an extra Puja Room and Servant Room. Read more"
"3 BHK Independent House for Sale in  Stage 1st Kumaraswamy Layout, Bangalore",₹ 2.25 Cr,"Stage 1st Kumaraswamy Layout, Bangalore",Carpet Area 1400 sqft Status Ready to Move Transaction Resale Furnishing Semi-Furnished facing East overlooking Garden/Park Ownership Freehold Car Parking 1 Covered Bathroom 2 Balcony 2,3 BHK,"The 3 bedroom house in Kumaraswamy Layout Stage 1, Bangalore is currently available for sale exclusively.  This living space is east facing and gets good ventilation. The City Municipal Corporation has approved this independent house. Located in Kumaraswamy Layout Stage 1, the ready to move independent house is available for sale at a price of ₹2.25 Cr. Visit the 3 BHK house at No 1501 18th Cross Rd 14th Main  Kumaraswamy Layout 1st Stage Bengaluru  560078, Kumaraswamy Layout Stage 1, Bangalore - South, Karnataka. The unit provides reserved parking, visitor parking. The house is finished with vitrified, ceramic tiles floors. The property includes an Puja Room. Read more"
"4 BHK Independent House for Sale in  RK Hegde Nagar, Bangalore",₹ 3 Cr,"RK Hegde Nagar, Bangalore",Carpet Area 3200 sqft Status Ready to Move Transaction Resale Furnishing Furnished facing North - East Ownership Freehold Bathroom 4 Balcony 1,4 BHK,"The beautifully designed 4 bedroom house is situated in a prime location in Hegde Nagar. Witness this epitome of luxury and comfort in Winnfield Gardens. This premium home faces north - east. The house is approved by Developer, which is an added benefit. An amazing deal to get ready to move house in the prime location of Hegde Nagar at a price of ₹3 Cr. The full address of the house for sale is Hegde Nagar, Bangalore. The residence is fitted with reserved parking, visitor parking. vitrified, granite give the residence a smooth finish. Properties in Winnfield Gardens are priced between ₹86 Lac Onwards, available in plot options. Read more"
"4 BHK Independent House for Sale in  Seegehalli Krishnarajapura, Bangalore",₹ 2.40 Cr,"Seegehalli Krishnarajapura, Bangalore","Carpet Area 1800 sqft Status Ready to Move Transaction Resale Furnishing Semi-Furnished facing East overlooking Main Road Ownership Freehold Car Parking 1 Covered, Bathroom 4 Balcony 3",4 BHK,"You can buy 4 BHK independent house in Seegehalli-K R Puram, Bangalore available at the best price.  This east facing individual house for sale has an appealing layout. The unit is duly approved by City Municipal Corporation and has all required documents in place. This marvelous 4 BHK ready to move independent house is offered at a cost of ₹2.40 Cr. Visit the property at Standalone Building White City Layout Seegehalli Krishnarajapura Bangalore., Seegehalli-K R Puram, Bangalore - East, Karnataka. This house includes reserved parking, visitor parking. The flooring across the residence is vitrified, granite. A separate Puja Room and Study adds to the homeâs appeal. Read more"
"3 BHK Independent House for Sale in  Phase 1 Electronics City, Bangalore",₹ 2.40 Cr,"Phase 1 Electronics City, Bangalore",Carpet Area 2180 sqft Transaction Resale Furnishing Unfurnished facing East overlooking Garden/Park Ownership Freehold Dimensions 40 X 30 ft Sqft Car Parking 1 Open Bathroom 3 Balcony 1,3 BHK,"experience your lifestyle with this meticulously designed 3 BHK independent house for sale located at a favourable location in Electronics City Phase 1 in Bangalore.The direction of the house is important for many people; this independent house is east facing.  This luxurious, independent house is up for resale in Electronics City Phase 1 at a price.  The under construction villa / house comes to you at the price of ₹2.40 Cr.  This may be an ideal option for your dream home from House for Sale in Bangalore. Read more"
"4 BHK Independent House for Sale in  Nisarga Layout-Harapanahalli, Bangalore",₹ 80 Lac,"Nisarga Layout-Harapanahalli, Bangalore","Super Area 1200 sqft Status Ready to Move Transaction New Property Furnishing Furnished facing East overlooking Garden/Park, Pool, Main Road Ownership Leasehold Bathroom 2 Balcony 2",4 BHK,
"5 BHK Independent House for Sale in  Sarjapur Road, Bangalore",₹ 9 Cr,"Sarjapur Road, Bangalore",Super Area 5000 sqft Status Ready to Move Transaction Resale Furnishing Semi-Furnished facing North Ownership Freehold Car Parking 1 Covered Bathroom 6 Balcony 3,5 BHK,"This 5 BHK house in Sarjapur Road, Bangalore is a perfect choice for all type of home buyers. As the house is within the Rainbow Residency project you can be assured of the best lifestyle with all modern conveniences at your disposal. Facing north, this independent house is on sale. The Bangalore Development Authority has approved this independent house. Situated in Sarjapur Road, this ready to move house is offered at a selling price of ₹9 Cr. Find this 5 BHK house at Green Glen Layout, Off Bellendur, Bangalore-103. The house comes equipped with power back up, security. A total of 450 units are distributed within 1 towers in this society. Read more"
"4 BHK Independent House for Sale in  Attibele, Bangalore",₹ 1.65 Cr,"Attibele, Bangalore",Carpet Area 2250 sqft Status Ready to Move Transaction Resale Furnishing Unfurnished facing North Ownership Freehold Bathroom 4 Balcony 2,4 BHK,"Looking for an independent house for sale? Check out this magnificent 4 BHK house that is strategically located in Attibele in Bangalore.This lavish house in Celebrity Pride Access township is sure to meet your living standards, and offers a luxurious lifestyle to you and your family. The independent house is smartly planned and faces north. Inclusive of all the modern and essential facilities is a lavish house available for resale in Attibele. Available at a selling price of ₹1.65 Cr, this ready to move individual villa / house is an ideal dwelling for you. Read more"
"3 BHK Independent House for Sale in  Kanakapura Road, Bangalore",₹ 4.05 Cr,"Kanakapura Road, Bangalore",Super Area 3068 sqft Status Ready to Move Transaction Resale Furnishing Semi-Furnished Bathroom 3,3 BHK,"Looking for an independent house for sale? Check out this magnificent 3 BHK house that is strategically located in Kanakapura Road in Bangalore.This spacious and premium house in Svamitva Terravana may just be the perfect house for you. This dazzling house is available for resale in Kanakapura Road. Grab the chance to make this house your new address. This ready to move house with all modern amenities is priced at ₹4.05 Cr. This is a RERA approved project and PRM/KA/RERA/1270/305/PR/201106/003693 is the RERA number. In Svamitva Terravana, property prices range from ₹3.18 Cr - ₹4.38 Cr, with multiple configurations across villa. Read more"
"9 BHK Independent House for Sale in  Mahalakshmi Layout, Bangalore",₹ 6.45 Cr,"Mahalakshmi Layout, Bangalore",Carpet Area 6000 sqft Status Ready to Move Transaction Resale Furnishing Furnished facing North Ownership Freehold Bathroom 6 Balcony 4,9 BHK,"Interested to buy an independent house in Bangalore? Check out this 9 BHK house for sale in Mahalakshmi Layout. This beautiful home faces north. Situated in Mahalakshmi Layout, this ready to move house is offered at a selling price of ₹6.45 Cr. Find this 9 BHK house at Mahalakshmi Layout, Bangalore - Central, Karnataka. The house comes equipped with power back up, reserved parking. Read more"
"3 BHK Independent House for Sale in  Totadaguddadahalli, Bangalore",₹ 50 Lac,"Totadaguddadahalli, Bangalore",Carpet Area 1200 sqft Status Ready to Move Floor Ground out of 2 Transaction Resale Furnishing Semi-Furnished facing East Bathroom 3,3 BHK,"A 2 storeyed Residential House is located in Totadaguddadahalli, Bangalore. Great investment for family purpose as the space is airy and has friendly neighbourhood. Major key facilities are located nearby. This may be a perfect choice for home buying from House for Sale in Bangalore. Read more"
"4 BHK Independent House for Sale in  Haralur Main Road, Bangalore",₹ 3.50 Cr,"Haralur Main Road, Bangalore","Super Area 2675 sqft Status Ready to Move Transaction Resale Furnishing Semi-Furnished facing East overlooking Garden/Park, Main Road Ownership Freehold Dimensions 40 X 60 ft Sqft Bathroom 4 Balcony 2",4 BHK,"Have a look at 4 BHK, an independent house available for sale at an excellent location in Haralur Main Road in Bangalore.Enjoy a house lifestyle at Citrus Springville, an all-new house project by one of the renowned builders. This house is Vastu compliant and is thoughtfully situated facing east. This dazzling house is available for resale in Haralur Main Road. Grab the chance to make this house your new address. Available at a selling price of ₹3.50 Cr, this ready to move individual house is an ideal dwelling for you. The pricing in Citrus Springville varies from ₹1.58 Cr - ₹1.95 Cr, offering units in villa / house configurations. Read more"
"3 BHK Independent House for Sale in  Harlur, Bangalore",₹ 6.10 Cr,"Harlur, Bangalore","Carpet Area 2600 sqft Status Ready to Move Transaction Resale Furnishing Semi-Furnished facing East overlooking Garden/Park, Pool Ownership Freehold Dimensions 30 X 60 ft Sqft Car Parking 1 Covered Bathroom 3 Balcony 2",3 BHK,"Looking for an independent house for sale? Check out this magnificent 3 BHK house that is strategically located in Harlur in Bangalore.Part of the Essem18 Alaya project, this lovely house is sure to be the perfect home for you and your family. This independent house is thoughtfully situated facing east. This lovely independent house is up for resale with all lavish facilities and is located in Harlur. This ready to move individual house is available to you at the price of ₹6.10 Cr. This is a RERA approved project and PRM/KA/RERA/1251/446/PR/171019/001142 is the RERA number. Properties in Essem18 Alaya are available in villa, priced between ₹5.67 Cr - ₹6.60 Cr. Read more"
"3 BHK Independent House for Sale in  Horamavu, Bangalore",₹ 6 Cr,"Horamavu, Bangalore",Carpet Area 1920 sqft Status Ready to Move Transaction Resale Furnishing Unfurnished facing West Ownership Freehold Car Parking 2 Covered Bathroom 3 Balcony 2,3 BHK,"Check out this one of its kind 3 BHK independent house for sale at your preferred location of Horamavu in Bangalore.Part of the Prestige Augusta Golf Village project, this lovely house is sure to be the perfect home for you and your family. This independent house is thoughtfully situated facing west. This grand house in Horamavu is available for immediate resale. This ready to move house with all modern amenities is priced at ₹6 Cr. Properties in Prestige Augusta Golf Village are priced between ₹5.40 Cr - ₹12 Cr, available in villa / house options. Read more"
"4 BHK Independent House for Sale in  Budigere Cross, Bangalore",₹ 2.49 Cr,"Budigere Cross, Bangalore","Super Area 2930 sqft Status Ready to Move Transaction New Property Furnishing Unfurnished facing East overlooking Garden/Park, Main Road Ownership Freehold Dimensions 30 X 40 ft Sqft Car Parking 2 Covered Bathroom 4 Balcony 2",4 BHK,
"4 BHK Independent House for Sale in  Sarjapur Road, Bangalore",₹ 10 Cr,"Sarjapur Road, Bangalore","Carpet Area 2800 sqft Status Ready to Move Transaction Resale Furnishing Semi-Furnished facing North - West overlooking Garden/Park, Main Road Ownership Freehold Bathroom 4 Balcony 3",4 BHK,"This one of its kind 4 BHK independent house for sale is situated in the prime location of Sarjapur Road in Bangalore.Part of Vaishnavi Commune township, this lavish house treats the residents with a modern lifestyle. This house is Vastu compliant and is thoughtfully situated facing north - west. Available for resale this house in Sarjapur Road is worth every penny. This ready to move individual house can now be yours for selling price of ₹10 Cr. In Vaishnavi Commune, property prices range from ₹4.17 Cr - ₹4.85 Cr, with multiple configurations across villa. Read more"
"4 BHK Independent House for Sale in  Harlur, Bangalore",₹ 8.60 Cr,"Harlur, Bangalore",Super Area 3000 sqft Status Ready to Move Transaction Resale Furnishing Semi-Furnished facing East Dimensions 79.92 X 52.65 ft Sqft Bathroom 5 Balcony 3,4 BHK,"North Facing Door in Gated Community  with multiple amenities good connectivity to ORR and HSR location Featuring classy interiors and appealing exterior elevation, a 4 BHK independent house is up for sale in Harlur in Bangalore.Part of Sjr Eastwood township, this lavish house treats the residents with a modern lifestyle. The independent house is smartly planned and faces east. Situated in Harlur, this charming house is for immediate resale. This ready to move property is readily available at price of ₹8.60 Cr. The pricing in Sjr Eastwood varies from ₹1.54 Cr - ₹1.96 Cr, offering units in villa / house configurations. Read more"
